epoch,step,train_acc_auto_0,train_acc_auto_1,train_acc_auto_2,train_acc_auto_3,train_acc_auto_4,train_accuracy,train_loss,train_loss_auto_0,train_loss_auto_1,train_loss_auto_2,train_loss_auto_3,train_loss_auto_4,val_acc_auto_0,val_acc_auto_1,val_acc_auto_2,val_acc_auto_3,val_acc_auto_4,val_accuracy,val_loss,val_loss_auto_0,val_loss_auto_1,val_loss_auto_2,val_loss_auto_3,val_loss_auto_4
0,9,0.653124988079071,0.42500001192092896,0.43437501788139343,0.4000000059604645,0.47187501192092896,0.47687503695487976,1.0646183490753174,0.9903527498245239,1.0849336385726929,1.0795291662216187,1.0769298076629639,1.0913455486297607,,,,,,,,,,,,
0,19,0.621874988079071,0.3968749940395355,0.4375,0.41875001788139343,0.4375,0.4625000059604645,1.0306123495101929,0.8732094764709473,1.0641252994537354,1.0542269945144653,1.066957712173462,1.0945427417755127,,,,,,,,,,,,
0,29,0.59375,0.375,0.4156250059604645,0.4375,0.38750001788139343,0.44187498092651367,1.0146957635879517,0.8188744783401489,1.0536302328109741,1.060654640197754,1.0481798648834229,1.092139720916748,,,,,,,,,,,,
0,39,0.596875011920929,0.4124999940395355,0.453125,0.4468750059604645,0.48750001192092896,0.4793749749660492,0.986655056476593,0.7614428997039795,1.0178464651107788,1.0366628170013428,1.0291497707366943,1.0881729125976562,,,,,,,,,,,,
0,49,0.643750011920929,0.4625000059604645,0.45000001788139343,0.4281249940395355,0.5093750357627869,0.4987500309944153,0.95518559217453,0.6682231426239014,1.0040217638015747,1.003753900527954,1.021443247795105,1.0784860849380493,,,,,,,,,,,,
0,59,0.6812500357627869,0.565625011920929,0.4593749940395355,0.453125,0.453125,0.5225000381469727,0.9564914107322693,0.6672326326370239,0.984897792339325,1.0466479063034058,0.9986993670463562,1.0849792957305908,,,,,,,,,,,,
0,69,0.737500011920929,0.546875,0.4625000059604645,0.4937500059604645,0.45625001192092896,0.5393750071525574,0.9277433753013611,0.6142174005508423,0.9672001004219055,1.0183568000793457,0.9677441716194153,1.0711981058120728,,,,,,,,,,,,
0,79,0.731249988079071,0.565625011920929,0.5406250357627869,0.6000000238418579,0.46562501788139343,0.5806249976158142,0.8982208371162415,0.6365461349487305,0.9150444865226746,0.9592819213867188,0.9246867895126343,1.0555449724197388,,,,,,,,,,,,
0,89,0.840624988079071,0.59375,0.5375000238418579,0.5562500357627869,0.4906249940395355,0.6037499904632568,0.8842304348945618,0.5761286616325378,0.8864849805831909,0.9613513946533203,0.9417610168457031,1.0554263591766357,,,,,,,,,,,,
0,99,0.859375,0.653124988079071,0.5562500357627869,0.6187500357627869,0.48125001788139343,0.6337500810623169,0.8516375422477722,0.5290654897689819,0.8115646243095398,0.9667752385139465,0.8942714929580688,1.0565109252929688,,,,,,,,,,,,
0,109,0.875,0.6625000238418579,0.612500011920929,0.574999988079071,0.5062500238418579,0.6462500691413879,0.8152276277542114,0.452556848526001,0.7421374917030334,0.964466392993927,0.8975518345832825,1.019425630569458,,,,,,,,,,,,
0,119,0.9125000238418579,0.6781250238418579,0.5406250357627869,0.6312500238418579,0.503125011920929,0.6531250476837158,0.7932180762290955,0.4159996509552002,0.7071015238761902,0.9754346013069153,0.8621253967285156,1.0054292678833008,,,,,,,,,,,,
0,129,0.8531250357627869,0.625,0.565625011920929,0.628125011920929,0.46562501788139343,0.6274999976158142,0.8144482970237732,0.4994563162326813,0.7324172258377075,0.9737540483474731,0.8338669538497925,1.0327469110488892,,,,,,,,,,,,
0,139,0.909375011920929,0.734375,0.659375011920929,0.609375,0.5250000357627869,0.6875,0.7525462508201599,0.4300088882446289,0.6472344994544983,0.8590566515922546,0.8307463526725769,0.995684802532196,,,,,,,,,,,,
0,149,0.96875,0.6937500238418579,0.703125,0.6156250238418579,0.5093750357627869,0.6981250047683716,0.7215608954429626,0.3535958528518677,0.6231411099433899,0.8496379852294922,0.7967541217803955,0.9846752882003784,,,,,,,,,,,,
0,156,,,,,,,,,,,,,0.9824700951576233,0.791390061378479,0.4687100350856781,0.6063799858093262,0.47943997383117676,0.665678083896637,0.7238546013832092,0.2409125119447708,0.5218768119812012,0.9968085289001465,0.8160028457641602,1.043672800064087
1,159,0.965624988079071,0.7875000238418579,0.6000000238418579,0.6000000238418579,0.5375000238418579,0.6981250047683716,0.7170338034629822,0.3230542838573456,0.5401144027709961,0.8657633662223816,0.8386942744255066,1.0175426006317139,,,,,,,,,,,,
1,169,0.9750000238418579,0.831250011920929,0.574999988079071,0.6812500357627869,0.578125,0.7281250357627869,0.6915640830993652,0.2826898396015167,0.5124718546867371,0.9202559590339661,0.7679421305656433,0.9744607210159302,,,,,,,,,,,,
1,179,0.984375,0.815625011920929,0.65625,0.731249988079071,0.559374988079071,0.74937504529953,0.6545833945274353,0.24575655162334442,0.5291537046432495,0.8303613662719727,0.719371497631073,0.9482736587524414,,,,,,,,,,,,
1,189,0.9750000238418579,0.8187500238418579,0.590624988079071,0.7593750357627869,0.581250011920929,0.7450000643730164,0.6524518132209778,0.2302236109972,0.45924586057662964,0.8900240659713745,0.7192265391349792,0.9635387659072876,,,,,,,,,,,,
1,199,0.984375,0.8687500357627869,0.684374988079071,0.7593750357627869,0.543749988079071,0.768125057220459,0.6284133791923523,0.19431623816490173,0.4291384816169739,0.8254700899124146,0.7118889093399048,0.9812531471252441,,,,,,,,,,,,
1,209,0.9625000357627869,0.903124988079071,0.6187500357627869,0.7562500238418579,0.484375,0.7450000047683716,0.6311559081077576,0.2279830425977707,0.38450562953948975,0.8840152025222778,0.6811851263046265,0.9780901670455933,,,,,,,,,,,,
1,219,0.996874988079071,0.8843750357627869,0.5718750357627869,0.8062500357627869,0.5250000357627869,0.7568750381469727,0.6089780926704407,0.16670385003089905,0.3818560540676117,0.8666700124740601,0.6396762132644653,0.9899841547012329,,,,,,,,,,,,
1,229,0.96875,0.903124988079071,0.6781250238418579,0.784375011920929,0.546875,0.7762500643730164,0.5902215838432312,0.17872658371925354,0.36502379179000854,0.8197690844535828,0.6394965052604675,0.948091983795166,,,,,,,,,,,,
1,239,0.953125,0.8812500238418579,0.6656250357627869,0.762499988079071,0.5625,0.76500004529953,0.5824585556983948,0.17876751720905304,0.34592050313949585,0.832708477973938,0.6165896654129028,0.9383066296577454,,,,,,,,,,,,
1,249,0.9750000238418579,0.9000000357627869,0.668749988079071,0.7406250238418579,0.5250000357627869,0.7618750929832458,0.5766224265098572,0.14645390212535858,0.33722370862960815,0.7928653955459595,0.6464919447898865,0.960077166557312,,,,,,,,,,,,
1,259,0.996874988079071,0.925000011920929,0.684374988079071,0.793749988079071,0.515625,0.7831250429153442,0.5422680974006653,0.1199752688407898,0.3071861267089844,0.7431210875511169,0.5939936637878418,0.9470642805099487,,,,,,,,,,,,
1,269,1.0,0.9468750357627869,0.706250011920929,0.78125,0.581250011920929,0.8031250238418579,0.5256838202476501,0.09640417993068695,0.2577352225780487,0.770257830619812,0.5873839259147644,0.9166377782821655,,,,,,,,,,,,
1,279,0.996874988079071,0.887499988079071,0.75,0.8062500357627869,0.637499988079071,0.815625011920929,0.5133968591690063,0.09579155594110489,0.2890022397041321,0.7092931270599365,0.5659772157669067,0.9069201350212097,,,,,,,,,,,,
1,289,0.996874988079071,0.9468750357627869,0.7125000357627869,0.800000011920929,0.518750011920929,0.7950000166893005,0.5176877379417419,0.08621590584516525,0.2520607113838196,0.7267465591430664,0.5823248624801636,0.9410905838012695,,,,,,,,,,,,
1,299,1.0,0.934374988079071,0.7125000357627869,0.824999988079071,0.5843750238418579,0.8112500309944153,0.499462753534317,0.07457168400287628,0.2420603483915329,0.7154799103736877,0.5479573011398315,0.917244553565979,,,,,,,,,,,,
1,309,1.0,0.9468750357627869,0.715624988079071,0.828125,0.5843750238418579,0.815000057220459,0.5000240206718445,0.06858125329017639,0.2449050396680832,0.7370399236679077,0.5335265398025513,0.9160676002502441,,,,,,,,,,,,
1,313,,,,,,,,,,,,,0.9995599389076233,0.977940022945404,0.6233100295066833,0.7381201386451721,0.5031399726867676,0.7684140205383301,0.5537596940994263,0.05285774543881416,0.20420831441879272,0.8528404831886292,0.6665490865707397,0.9923427104949951
2,319,1.0,0.934374988079071,0.643750011920929,0.765625,0.643750011920929,0.7975000143051147,0.4991486966609955,0.06414759904146194,0.20346257090568542,0.7830854058265686,0.6088234186172485,0.8362245559692383,,,,,,,,,,,,
2,329,1.0,0.9625000357627869,0.671875,0.828125,0.621874988079071,0.8168749809265137,0.4722777009010315,0.058004189282655716,0.204734206199646,0.7354700565338135,0.5064688324928284,0.856711208820343,,,,,,,,,,,,
2,339,1.0,0.9437500238418579,0.7125000357627869,0.840624988079071,0.581250011920929,0.815625011920929,0.4689185321331024,0.05347372964024544,0.20089015364646912,0.6463422775268555,0.5618327260017395,0.8820536732673645,,,,,,,,,,,,
2,349,0.996874988079071,0.9437500238418579,0.668749988079071,0.800000011920929,0.65625,0.8131250739097595,0.46858200430870056,0.052024535834789276,0.19039209187030792,0.7355495691299438,0.5193095803260803,0.8456342816352844,,,,,,,,,,,,
2,359,0.996874988079071,0.9593750238418579,0.765625,0.8031250238418579,0.659375011920929,0.8368750810623169,0.4458167552947998,0.045536525547504425,0.16297374665737152,0.6617832779884338,0.5123166441917419,0.8464735150337219,,,,,,,,,,,,
2,369,0.996874988079071,0.9750000238418579,0.7406250238418579,0.8531250357627869,0.703125,0.8537500500679016,0.4142993986606598,0.047493305057287216,0.1451757848262787,0.6215517520904541,0.46607908606529236,0.7911970615386963,,,,,,,,,,,,
2,379,1.0,0.984375,0.7437500357627869,0.8687500357627869,0.65625,0.8506250381469727,0.4182802736759186,0.04131815955042839,0.15781155228614807,0.6471284627914429,0.4247688353061676,0.8203743100166321,,,,,,,,,,,,
2,389,1.0,0.9750000238418579,0.7437500357627869,0.840624988079071,0.706250011920929,0.8531250357627869,0.4240911602973938,0.03975088521838188,0.15502524375915527,0.66966712474823,0.46621471643447876,0.7897979021072388,,,,,,,,,,,,
2,399,1.0,0.9906250238418579,0.778124988079071,0.831250011920929,0.7281250357627869,0.8656250238418579,0.3959108293056488,0.03312255069613457,0.1320711076259613,0.5990661978721619,0.4611029028892517,0.7541912794113159,,,,,,,,,,,,
2,409,1.0,0.996874988079071,0.809374988079071,0.856249988079071,0.6875,0.8700000643730164,0.39098748564720154,0.030545080080628395,0.13095229864120483,0.5909448862075806,0.41466063261032104,0.787834644317627,,,,,,,,,,,,
2,419,1.0,0.987500011920929,0.8125,0.856249988079071,0.7437500357627869,0.8800000548362732,0.36741578578948975,0.030355840921401978,0.13705632090568542,0.554058849811554,0.3882206082344055,0.7273873090744019,,,,,,,,,,,,
2,429,1.0,0.981249988079071,0.7562500238418579,0.8218750357627869,0.706250011920929,0.8531250953674316,0.38084670901298523,0.02830187976360321,0.11545424163341522,0.593079686164856,0.4206484258174896,0.7467491626739502,,,,,,,,,,,,
2,439,1.0,0.987500011920929,0.8062500357627869,0.890625,0.6625000238418579,0.8693750500679016,0.35615426301956177,0.025471974164247513,0.10958311706781387,0.505531907081604,0.3430003821849823,0.7971838116645813,,,,,,,,,,,,
2,449,0.9937500357627869,0.987500011920929,0.846875011920929,0.84375,0.746874988079071,0.8837499618530273,0.3684692978858948,0.03295795992016792,0.11661884933710098,0.5070512294769287,0.44160279631614685,0.7441155910491943,,,,,,,,,,,,
2,459,1.0,0.987500011920929,0.828125,0.840624988079071,0.731249988079071,0.8774999976158142,0.35343149304389954,0.02885020337998867,0.10008455812931061,0.544409453868866,0.3932619094848633,0.7005513906478882,,,,,,,,,,,,
2,469,1.0,0.981249988079071,0.8062500357627869,0.824999988079071,0.6812500357627869,0.85875004529953,0.37850233912467957,0.028218811377882957,0.1089804396033287,0.5476595163345337,0.46680888533592224,0.7408438920974731,,,,,,,,,,,,
2,470,,,,,,,,,,,,,0.9998799562454224,0.9975199699401855,0.7002999186515808,0.7869199514389038,0.5839499235153198,0.8137139081954956,0.45447465777397156,0.020125310868024826,0.09219437092542648,0.7128657698631287,0.550067126750946,0.8971205949783325
3,479,1.0,0.9781250357627869,0.871874988079071,0.8687500357627869,0.699999988079071,0.8837500810623169,0.33467158675193787,0.02817254140973091,0.10529063642024994,0.46449875831604004,0.3663634955883026,0.7090325355529785,,,,,,,,,,,,
3,489,1.0,0.984375,0.84375,0.8687500357627869,0.7125000357627869,0.8818750381469727,0.34285855293273926,0.02410467341542244,0.10759042203426361,0.5210188627243042,0.34284162521362305,0.7187372446060181,,,,,,,,,,,,
3,499,0.9937500357627869,0.996874988079071,0.8062500357627869,0.890625,0.7718750238418579,0.8918749690055847,0.3388712704181671,0.03091472014784813,0.07789222151041031,0.5277760624885559,0.3979343771934509,0.6598390340805054,,,,,,,,,,,,
3,509,1.0,0.987500011920929,0.846875011920929,0.8968750238418579,0.762499988079071,0.8987499475479126,0.3133527934551239,0.019860979169607162,0.08885173499584198,0.4607704281806946,0.3385526239871979,0.6587282419204712,,,,,,,,,,,,
3,519,1.0,0.981249988079071,0.8187500238418579,0.875,0.7718750238418579,0.8893750309944153,0.3283521234989166,0.01936146430671215,0.09336815774440765,0.5105119347572327,0.36038094758987427,0.6581381559371948,,,,,,,,,,,,
3,529,1.0,0.984375,0.846875011920929,0.8656250238418579,0.7437500357627869,0.8881250619888306,0.3256056308746338,0.015931637957692146,0.07856011390686035,0.4685297906398773,0.37330037355422974,0.6917061805725098,,,,,,,,,,,,
3,539,1.0,1.0,0.8343750238418579,0.859375,0.768750011920929,0.8925000429153442,0.30852994322776794,0.014414194040000439,0.0672306939959526,0.47650808095932007,0.36215078830718994,0.6223459243774414,,,,,,,,,,,,
3,549,1.0,0.984375,0.8843750357627869,0.9281250238418579,0.78125,0.9156250357627869,0.28773993253707886,0.019180400297045708,0.08509477227926254,0.40618276596069336,0.27828410267829895,0.649957537651062,,,,,,,,,,,,
3,559,1.0,0.996874988079071,0.8062500357627869,0.8968750238418579,0.8125,0.9025000929832458,0.30356889963150024,0.019773058593273163,0.06587277352809906,0.47962790727615356,0.3532659113407135,0.5993047952651978,,,,,,,,,,,,
3,569,1.0,0.987500011920929,0.828125,0.890625,0.737500011920929,0.8887500166893005,0.2977343499660492,0.020010720938444138,0.06617356091737747,0.45341652631759644,0.31353896856307983,0.6355319023132324,,,,,,,,,,,,
3,579,1.0,0.987500011920929,0.8343750238418579,0.890625,0.800000011920929,0.9025000929832458,0.2829459607601166,0.012580277398228645,0.06900028884410858,0.4394097328186035,0.32345834374427795,0.5702810883522034,,,,,,,,,,,,
3,589,1.0,0.996874988079071,0.840624988079071,0.862500011920929,0.8187500238418579,0.9037500619888306,0.2851549983024597,0.011945517733693123,0.05560019612312317,0.44414013624191284,0.351364403963089,0.5627247095108032,,,,,,,,,,,,
3,599,1.0,0.996874988079071,0.859375,0.934374988079071,0.796875,0.9175000190734863,0.26248642802238464,0.011503834277391434,0.06469036638736725,0.43048301339149475,0.24777355790138245,0.5579813718795776,,,,,,,,,,,,
3,609,1.0,0.9937500357627869,0.846875011920929,0.909375011920929,0.7875000238418579,0.9074999690055847,0.27025625109672546,0.012002936564385891,0.0648217648267746,0.43579164147377014,0.2608216404914856,0.5778432488441467,,,,,,,,,,,,
3,619,1.0,0.996874988079071,0.8531250357627869,0.953125,0.8656250238418579,0.9337500929832458,0.22254930436611176,0.008564751595258713,0.055944375693798065,0.3814607560634613,0.19450750946998596,0.47226911783218384,,,,,,,,,,,,
3,627,,,,,,,,,,,,,0.9980899095535278,0.9927898645401001,0.7711299657821655,0.8226901292800903,0.6709299683570862,0.8511258959770203,0.3705846965312958,0.016949087381362915,0.07225380092859268,0.5710676908493042,0.4262419044971466,0.7664105296134949
4,629,1.0,1.0,0.90625,0.8687500357627869,0.8125,0.9175000190734863,0.27723294496536255,0.010504850186407566,0.04790346696972847,0.372875452041626,0.37861448526382446,0.5762664079666138,,,,,,,,,,,,
4,639,1.0,1.0,0.8531250357627869,0.9375,0.846875011920929,0.9275000691413879,0.24342261254787445,0.00786467082798481,0.03599509969353676,0.45440012216567993,0.21979467570781708,0.49905848503112793,,,,,,,,,,,,
4,649,1.0,0.996874988079071,0.846875011920929,0.9281250238418579,0.8218750357627869,0.918749988079071,0.22853901982307434,0.008240281604230404,0.045234955847263336,0.36852842569351196,0.20135295391082764,0.5193384885787964,,,,,,,,,,,,
4,659,1.0,0.9937500357627869,0.8812500238418579,0.921875,0.815625011920929,0.9225000739097595,0.24478526413440704,0.010683167725801468,0.055834345519542694,0.367281973361969,0.26410916447639465,0.5260177254676819,,,,,,,,,,,,
4,669,1.0,0.9937500357627869,0.909375011920929,0.9281250238418579,0.840624988079071,0.934374988079071,0.22034643590450287,0.007487011142075062,0.04814229533076286,0.34947746992111206,0.21297097206115723,0.4836544096469879,,,,,,,,,,,,
4,679,1.0,1.0,0.871874988079071,0.9156250357627869,0.8343750238418579,0.924375057220459,0.2402244657278061,0.010440593585371971,0.04442066699266434,0.36665108799934387,0.260311484336853,0.5192984342575073,,,,,,,,,,,,
4,689,1.0,0.996874988079071,0.875,0.9468750357627869,0.862500011920929,0.9362500309944153,0.2137717455625534,0.006731810513883829,0.04052676633000374,0.37271735072135925,0.18848933279514313,0.4603935182094574,,,,,,,,,,,,
4,699,1.0,0.996874988079071,0.934374988079071,0.9437500238418579,0.890625,0.953125,0.18540531396865845,0.005880263634026051,0.03152211755514145,0.29893702268600464,0.172586590051651,0.4181005358695984,,,,,,,,,,,,
4,709,1.0,1.0,0.878125011920929,0.8843750357627869,0.815625011920929,0.9156250357627869,0.23953647911548615,0.008126306347548962,0.03761008009314537,0.35867252945899963,0.2790057063102722,0.5142678022384644,,,,,,,,,,,,
4,719,1.0,0.996874988079071,0.859375,0.918749988079071,0.8531250357627869,0.9256250262260437,0.2198082059621811,0.00837917160242796,0.04130154475569725,0.37808477878570557,0.22090871632099152,0.4503668248653412,,,,,,,,,,,,
4,729,1.0,0.9906250238418579,0.893750011920929,0.956250011920929,0.8531250357627869,0.9387499690055847,0.21756397187709808,0.007735764142125845,0.05115628242492676,0.39464014768600464,0.18986479938030243,0.4444229006767273,,,,,,,,,,,,
4,739,1.0,1.0,0.903124988079071,0.953125,0.8968750238418579,0.9506250619888306,0.18532194197177887,0.007595157716423273,0.03464367240667343,0.3193015456199646,0.166863352060318,0.3982059359550476,,,,,,,,,,,,
4,749,1.0,0.9937500357627869,0.903124988079071,0.909375011920929,0.809374988079071,0.9231249690055847,0.21361160278320312,0.005042278207838535,0.03781617432832718,0.3059944212436676,0.22549958527088165,0.4937056005001068,,,,,,,,,,,,
4,759,1.0,0.996874988079071,0.925000011920929,0.9312500357627869,0.828125,0.9362500309944153,0.19873325526714325,0.00806642509996891,0.038421597331762314,0.2784911096096039,0.18314877152442932,0.4855383038520813,,,,,,,,,,,,
4,769,1.0,1.0,0.9593750238418579,0.971875011920929,0.8656250238418579,0.9593750238418579,0.16289258003234863,0.005885457620024681,0.030392641201615334,0.2599705755710602,0.1334497034549713,0.38476449251174927,,,,,,,,,,,,
4,779,1.0,1.0,0.9468750357627869,0.9593750238418579,0.90625,0.9625000357627869,0.16377870738506317,0.004863823764026165,0.03120802342891693,0.2717304825782776,0.1550668627023697,0.3560243248939514,,,,,,,,,,,,
4,784,,,,,,,,,,,,,0.9994497895240784,0.9969500303268433,0.8375699520111084,0.8570998907089233,0.7236500382423401,0.8829439282417297,0.30311834812164307,0.007561492267996073,0.0419488362967968,0.45461389422416687,0.33794283866882324,0.673524796962738
5,789,1.0,1.0,0.9375,0.940625011920929,0.846875011920929,0.9449999928474426,0.18269382417201996,0.004171804524958134,0.02312542125582695,0.28601089119911194,0.18279117345809937,0.4173698425292969,,,,,,,,,,,,
5,799,1.0,1.0,0.925000011920929,0.953125,0.8687500357627869,0.9493749737739563,0.17655853927135468,0.007298075594007969,0.04252540320158005,0.29317808151245117,0.15746155381202698,0.382329523563385,,,,,,,,,,,,
5,809,1.0,1.0,0.9437500238418579,0.9593750238418579,0.831250011920929,0.9468750357627869,0.17181193828582764,0.0040061394684016705,0.027302369475364685,0.25514915585517883,0.14534178376197815,0.42726022005081177,,,,,,,,,,,,
5,819,1.0,1.0,0.9375,0.9593750238418579,0.918749988079071,0.9631249308586121,0.1560196429491043,0.004730780143290758,0.03062722086906433,0.2925001084804535,0.13961482048034668,0.3126252591609955,,,,,,,,,,,,
5,829,1.0,1.0,0.9312500357627869,0.9125000238418579,0.8687500357627869,0.9425000548362732,0.1779102087020874,0.00360773759894073,0.02409222163259983,0.271789014339447,0.18889062106609344,0.4011714458465576,,,,,,,,,,,,
5,839,1.0,1.0,0.9281250238418579,0.8968750238418579,0.840624988079071,0.9331249594688416,0.1838962286710739,0.005197743885219097,0.024623818695545197,0.26432931423187256,0.22768428921699524,0.3976459503173828,,,,,,,,,,,,
5,849,1.0,0.996874988079071,0.921875,0.9593750238418579,0.9000000357627869,0.955625057220459,0.16663721203804016,0.0057596368715167046,0.0306788831949234,0.26285940408706665,0.15413782000541687,0.3797503113746643,,,,,,,,,,,,
5,859,1.0,1.0,0.921875,0.9625000357627869,0.893750011920929,0.955625057220459,0.16215507686138153,0.005974547006189823,0.02823668345808983,0.27270230650901794,0.15201492607593536,0.3518469035625458,,,,,,,,,,,,
5,869,1.0,0.996874988079071,0.9437500238418579,0.9312500357627869,0.909375011920929,0.9562501311302185,0.16179588437080383,0.0049916538409888744,0.02829325571656227,0.25346696376800537,0.18359529972076416,0.3386322557926178,,,,,,,,,,,,
5,879,1.0,1.0,0.9312500357627869,0.949999988079071,0.871874988079071,0.9506250619888306,0.1642211526632309,0.005620287731289864,0.026156779378652573,0.24665193259716034,0.15605518221855164,0.38662150502204895,,,,,,,,,,,,
5,889,1.0,1.0,0.940625011920929,0.96875,0.9281250238418579,0.9675000309944153,0.13166220486164093,0.004198228474706411,0.01965067908167839,0.22761647403240204,0.12659159302711487,0.2802540361881256,,,,,,,,,,,,
5,899,1.0,0.996874988079071,0.9281250238418579,0.9156250357627869,0.878125011920929,0.9437500834465027,0.1804758906364441,0.00517027173191309,0.035191331058740616,0.2575254440307617,0.2173391878604889,0.3871532082557678,,,,,,,,,,,,
5,909,1.0,0.9906250238418579,0.949999988079071,0.925000011920929,0.8968750238418579,0.9524999856948853,0.15800487995147705,0.0032939135562628508,0.0377381257712841,0.23515577614307404,0.19514985382556915,0.31868675351142883,,,,,,,,,,,,
5,919,1.0,1.0,0.956250011920929,0.981249988079071,0.9281250238418579,0.9731249809265137,0.1281091421842575,0.002642880892381072,0.022376805543899536,0.2151779681444168,0.1123301163315773,0.28801795840263367,,,,,,,,,,,,
5,929,1.0,1.0,0.9625000357627869,0.9593750238418579,0.909375011920929,0.9662500619888306,0.13533301651477814,0.0033561985474079847,0.018684398382902145,0.21160998940467834,0.13372285664081573,0.30929163098335266,,,,,,,,,,,,
5,939,1.0,0.9937500357627869,0.949999988079071,0.953125,0.890625,0.9575001001358032,0.15767745673656464,0.006566376890987158,0.03505495563149452,0.2519755959510803,0.1680953949689865,0.32669490575790405,,,,,,,,,,,,
5,941,,,,,,,,,,,,,0.9984596967697144,0.9921000003814697,0.8667699098587036,0.895020067691803,0.7680399417877197,0.9040780663490295,0.25816455483436584,0.007714631035923958,0.04584323987364769,0.3758469521999359,0.27507349848747253,0.5863442420959473
6,949,0.9937500357627869,0.9937500357627869,0.9375,0.965624988079071,0.856249988079071,0.9493750929832458,0.16815514862537384,0.015293103642761707,0.033453259617090225,0.23398037254810333,0.16239632666110992,0.3956526517868042,,,,,,,,,,,,
6,959,1.0,0.996874988079071,0.9312500357627869,0.9625000357627869,0.909375011920929,0.9600000381469727,0.14617741107940674,0.003713610116392374,0.02937983348965645,0.2552868127822876,0.1346404254436493,0.3078663647174835,,,,,,,,,,,,
6,969,1.0,1.0,0.9625000357627869,0.981249988079071,0.9125000238418579,0.971250057220459,0.11167152971029282,0.002268886426463723,0.014335033483803272,0.1819700300693512,0.07638024538755417,0.2834034562110901,,,,,,,,,,,,
6,979,1.0,0.996874988079071,0.9468750357627869,0.965624988079071,0.9281250238418579,0.9675000309944153,0.12483115494251251,0.0029502524994313717,0.03289016708731651,0.1988585889339447,0.12714669108390808,0.26231008768081665,,,,,,,,,,,,
6,989,1.0,1.0,0.953125,0.96875,0.940625011920929,0.9725000262260437,0.11561339348554611,0.00537658529356122,0.017976490780711174,0.1900482475757599,0.11266277730464935,0.25200286507606506,,,,,,,,,,,,
6,999,1.0,1.0,0.96875,0.9750000238418579,0.918749988079071,0.9724999666213989,0.1189616471529007,0.0034271366894245148,0.024037105962634087,0.19000761210918427,0.10289003700017929,0.27444636821746826,,,,,,,,,,,,
6,1009,1.0,1.0,0.9625000357627869,0.984375,0.9437500238418579,0.9781250357627869,0.09610477834939957,0.002082369988784194,0.011560565792024136,0.16556015610694885,0.09151147305965424,0.2098093032836914,,,,,,,,,,,,
6,1019,1.0,1.0,0.9625000357627869,0.9750000238418579,0.918749988079071,0.9712499976158142,0.11929291486740112,0.0027273944579064846,0.020420102402567863,0.19579742848873138,0.10849287360906601,0.2690267860889435,,,,,,,,,,,,
6,1029,1.0,1.0,0.9468750357627869,0.9937500357627869,0.9593750238418579,0.9800000190734863,0.09718388319015503,0.0023052231408655643,0.014072254300117493,0.18198075890541077,0.06832781434059143,0.21923334896564484,,,,,,,,,,,,
6,1039,1.0,1.0,0.9468750357627869,0.9625000357627869,0.934374988079071,0.96875,0.14090679585933685,0.002678885357454419,0.01995333842933178,0.2411338835954666,0.1558404266834259,0.2849273681640625,,,,,,,,,,,,
6,1049,1.0,1.0,0.971875011920929,0.9593750238418579,0.9375,0.9737500548362732,0.1077236458659172,0.0017765365773811936,0.01570272259414196,0.165940523147583,0.1302630752325058,0.224935382604599,,,,,,,,,,,,
6,1059,1.0,1.0,0.956250011920929,0.965624988079071,0.9156250357627869,0.9675000309944153,0.11722331494092941,0.002698802389204502,0.019569402560591698,0.17530889809131622,0.11431463807821274,0.27422481775283813,,,,,,,,,,,,
6,1069,1.0,1.0,0.949999988079071,0.965624988079071,0.934374988079071,0.9699999690055847,0.110578253865242,0.002980038058012724,0.013837965205311775,0.1935357004404068,0.10327573120594025,0.23926182091236115,,,,,,,,,,,,
6,1079,1.0,1.0,0.953125,0.984375,0.934374988079071,0.9743749499320984,0.10809226334095001,0.0021572939585894346,0.016374649479985237,0.18673571944236755,0.08578499406576157,0.24940864741802216,,,,,,,,,,,,
6,1089,1.0,1.0,0.9625000357627869,0.9781250357627869,0.925000011920929,0.9731251001358032,0.09741581976413727,0.0019867918454110622,0.01403722446411848,0.14416158199310303,0.0800919383764267,0.24680152535438538,,,,,,,,,,,,
6,1098,,,,,,,,,,,,,0.9999099969863892,0.9976797699928284,0.9064600467681885,0.9126699566841125,0.7923999428749084,0.9218239784240723,0.21438683569431305,0.002323622815310955,0.02403864450752735,0.30019912123680115,0.22814542055130005,0.5172274708747864
7,1099,1.0,1.0,0.965624988079071,0.981249988079071,0.965624988079071,0.9825000166893005,0.08371849358081818,0.0016367962816730142,0.013350458815693855,0.1514684110879898,0.0787486732006073,0.17338812351226807,,,,,,,,,,,,
7,1109,1.0,1.0,0.9625000357627869,0.953125,0.9125000238418579,0.965624988079071,0.11240404099225998,0.0023633521050214767,0.014569287188351154,0.1678656041622162,0.11675562709569931,0.2604663372039795,,,,,,,,,,,,
7,1119,1.0,1.0,0.9468750357627869,0.971875011920929,0.9312500357627869,0.9699999690055847,0.10971245914697647,0.0018762268591672182,0.013008339330554008,0.1873369961977005,0.09220443665981293,0.25413626432418823,,,,,,,,,,,,
7,1129,1.0,1.0,0.949999988079071,0.971875011920929,0.903124988079071,0.9649999737739563,0.11878342926502228,0.0015056142583489418,0.009559417143464088,0.18196482956409454,0.10580796003341675,0.2950792908668518,,,,,,,,,,,,
7,1139,1.0,1.0,0.981249988079071,0.9625000357627869,0.918749988079071,0.9725000262260437,0.1030159518122673,0.0026899483054876328,0.012729409150779247,0.13514751195907593,0.09878826886415482,0.2657245993614197,,,,,,,,,,,,
7,1149,1.0,1.0,0.9593750238418579,0.984375,0.9593750238418579,0.9806249737739563,0.08646296709775925,0.002071917289867997,0.009631237015128136,0.16481557488441467,0.06186944246292114,0.1939266473054886,,,,,,,,,,,,
7,1159,1.0,0.996874988079071,0.96875,0.984375,0.953125,0.9806249737739563,0.09346853941679001,0.0031422835309058428,0.017178311944007874,0.15560515224933624,0.08757834136486053,0.20383858680725098,,,,,,,,,,,,
7,1169,1.0,1.0,0.965624988079071,0.9937500357627869,0.953125,0.9825000762939453,0.08624853938817978,0.0016514535527676344,0.01177359651774168,0.15427230298519135,0.06962508708238602,0.19392023980617523,,,,,,,,,,,,
7,1179,1.0,0.996874988079071,0.96875,0.949999988079071,0.925000011920929,0.96812504529953,0.10138539224863052,0.0015428116312250495,0.015941990539431572,0.1401219367980957,0.11733661592006683,0.23198361694812775,,,,,,,,,,,,
7,1189,1.0,0.996874988079071,0.9375,0.971875011920929,0.940625011920929,0.9693750739097595,0.09912478178739548,0.001412303769029677,0.015394473448395729,0.19838972389698029,0.09171159565448761,0.18871577084064484,,,,,,,,,,,,
7,1199,1.0,1.0,0.987500011920929,0.9750000238418579,0.9437500238418579,0.981249988079071,0.08588802069425583,0.0012812702916562557,0.009349193423986435,0.12443381547927856,0.08515194058418274,0.2092238962650299,,,,,,,,,,,,
7,1209,1.0,1.0,0.971875011920929,0.9750000238418579,0.9750000238418579,0.984375,0.08691022545099258,0.0013811872340738773,0.011856505647301674,0.1497298777103424,0.11005556583404541,0.16152797639369965,,,,,,,,,,,,
7,1219,1.0,0.996874988079071,0.981249988079071,0.9625000357627869,0.9375,0.9756250381469727,0.09129919856786728,0.0016837026923894882,0.01569424755871296,0.13053205609321594,0.09842424094676971,0.2101617306470871,,,,,,,,,,,,
7,1229,1.0,1.0,0.981249988079071,0.9781250357627869,0.96875,0.9856250882148743,0.07566060870885849,0.0011038904776796699,0.008509350940585136,0.12220122665166855,0.07857681810855865,0.16791173815727234,,,,,,,,,,,,
7,1239,1.0,0.996874988079071,0.971875011920929,0.965624988079071,0.9375,0.9743749499320984,0.08753810077905655,0.0031922280322760344,0.015955904498696327,0.12643977999687195,0.08156763762235641,0.2105349600315094,,,,,,,,,,,,
7,1249,1.0,1.0,0.9750000238418579,0.981249988079071,0.9437500238418579,0.9800000190734863,0.08245551586151123,0.0012312917970120907,0.013284009881317616,0.12046251446008682,0.06987173110246658,0.20742805302143097,,,,,,,,,,,,
7,1255,,,,,,,,,,,,,0.9999499320983887,0.9971399307250977,0.9237500429153442,0.9282901287078857,0.8178001046180725,0.9333859086036682,0.19020861387252808,0.001738262944854796,0.02157725766301155,0.2616595923900604,0.19797955453395844,0.46808841824531555
8,1259,1.0,1.0,0.9781250357627869,0.9906250238418579,0.981249988079071,0.9899999499320984,0.06766767054796219,0.0012832032516598701,0.007663185242563486,0.10118730366230011,0.06477253139019012,0.16343212127685547,,,,,,,,,,,,
8,1269,1.0,1.0,0.9625000357627869,0.981249988079071,0.9468750357627869,0.9781250357627869,0.09067275375127792,0.0015664065722376108,0.011620431207120419,0.16652598977088928,0.0761103630065918,0.19754058122634888,,,,,,,,,,,,
8,1279,1.0,0.996874988079071,0.96875,0.984375,0.9437500238418579,0.9787500500679016,0.08651487529277802,0.00146264280192554,0.0152785899117589,0.1374904215335846,0.07171041518449783,0.20663228631019592,,,,,,,,,,,,
8,1289,1.0,1.0,0.9906250238418579,0.9750000238418579,0.953125,0.9837499856948853,0.07541424036026001,0.001444888999685645,0.010798102244734764,0.09958743304014206,0.09003417938947678,0.17520661652088165,,,,,,,,,,,,
8,1299,1.0,1.0,0.96875,0.956250011920929,0.9625000357627869,0.9774999618530273,0.08207904547452927,0.0012013015802949667,0.010835382156074047,0.1300099790096283,0.09120838344097137,0.17714014649391174,,,,,,,,,,,,
8,1309,1.0,1.0,0.9781250357627869,0.981249988079071,0.956250011920929,0.9831250309944153,0.0832691490650177,0.0015949619701132178,0.012533766217529774,0.12159476429224014,0.08440978825092316,0.19621247053146362,,,,,,,,,,,,
8,1319,1.0,1.0,0.965624988079071,0.971875011920929,0.956250011920929,0.9787500500679016,0.07233408838510513,0.001152415876276791,0.006776186637580395,0.1157381534576416,0.07937639951705933,0.15862728655338287,,,,,,,,,,,,
8,1329,1.0,1.0,0.965624988079071,0.981249988079071,0.9781250357627869,0.9850000739097595,0.07324564456939697,0.002116191666573286,0.013007350265979767,0.13094112277030945,0.06373442709445953,0.15642912685871124,,,,,,,,,,,,
8,1339,1.0,0.996874988079071,0.984375,0.9937500357627869,0.96875,0.9887501001358032,0.06813880056142807,0.0015437477268278599,0.011392924003303051,0.11732993274927139,0.045212533324956894,0.16521486639976501,,,,,,,,,,,,
8,1349,1.0,1.0,0.981249988079071,0.987500011920929,0.949999988079071,0.9837499856948853,0.08069759607315063,0.0010849112877622247,0.013152284547686577,0.11931760609149933,0.07591414451599121,0.19401904940605164,,,,,,,,,,,,
8,1359,1.0,1.0,0.984375,0.9906250238418579,0.9625000357627869,0.987500011920929,0.06032494455575943,0.001314499881118536,0.007715742103755474,0.09984053671360016,0.04707188904285431,0.14568206667900085,,,,,,,,,,,,
8,1369,1.0,1.0,0.9781250357627869,0.984375,0.971875011920929,0.986875057220459,0.0700606107711792,0.0009689255384728312,0.00868288241326809,0.11453589051961899,0.0646645724773407,0.16145077347755432,,,,,,,,,,,,
8,1379,1.0,0.996874988079071,0.9593750238418579,0.9750000238418579,0.956250011920929,0.9775000810623169,0.08681788295507431,0.0025469399988651276,0.013396067544817924,0.147142231464386,0.09301428496837616,0.1779898852109909,,,,,,,,,,,,
8,1389,1.0,1.0,0.96875,0.9937500357627869,0.9593750238418579,0.984375,0.06454595923423767,0.0006708313012495637,0.005492456257343292,0.12369565665721893,0.05166921019554138,0.14120164513587952,,,,,,,,,,,,
8,1399,1.0,1.0,0.981249988079071,0.9906250238418579,0.981249988079071,0.9906250238418579,0.056005652993917465,0.001186159672215581,0.005990245379507542,0.09428363293409348,0.05410727113485336,0.12446093559265137,,,,,,,,,,,,
8,1409,1.0,1.0,0.9937500357627869,0.9937500357627869,0.9781250357627869,0.9931250810623169,0.05602825805544853,0.0007784502813592553,0.005697852931916714,0.0738857164978981,0.04690336063504219,0.15287591516971588,,,,,,,,,,,,
8,1412,,,,,,,,,,,,,0.9999599456787109,0.9976898431777954,0.9301900267601013,0.9374099969863892,0.8304298520088196,0.9391359686851501,0.17313241958618164,0.0011704316129907966,0.017153393477201462,0.22877316176891327,0.18002106249332428,0.43854406476020813
9,1419,1.0,1.0,0.981249988079071,0.9937500357627869,0.984375,0.9918751120567322,0.06744945049285889,0.0010782270692288876,0.007346118800342083,0.121673583984375,0.055240314453840256,0.1519090086221695,,,,,,,,,,,,
9,1429,1.0,1.0,0.981249988079071,0.9750000238418579,0.9781250357627869,0.986875057220459,0.06545182317495346,0.0007889318512752652,0.009257582947611809,0.0958704948425293,0.0720679983496666,0.149274080991745,,,,,,,,,,,,
9,1439,1.0,1.0,0.9906250238418579,0.987500011920929,0.96875,0.9893749356269836,0.06424540281295776,0.0009692419553175569,0.008371900767087936,0.09943787753582001,0.0679926797747612,0.14445529878139496,,,,,,,,,,,,
9,1449,1.0,1.0,0.987500011920929,0.9906250238418579,0.984375,0.9925000071525574,0.055280447006225586,0.0031972979195415974,0.008697623386979103,0.08353447914123535,0.055559057742357254,0.12541376054286957,,,,,,,,,,,,
9,1459,1.0,1.0,0.9906250238418579,0.9781250357627869,0.956250011920929,0.9850000739097595,0.0626538023352623,0.001028985483571887,0.006871928460896015,0.07737405598163605,0.06120055913925171,0.16679349541664124,,,,,,,,,,,,
9,1469,1.0,1.0,0.9906250238418579,0.987500011920929,0.9750000238418579,0.9906250238418579,0.05252214893698692,0.0008711999398656189,0.006552295293658972,0.0733606219291687,0.0505964457988739,0.1312301754951477,,,,,,,,,,,,
9,1479,1.0,1.0,0.9750000238418579,0.9937500357627869,0.987500011920929,0.9912500381469727,0.04317113384604454,0.0006676294724456966,0.00671956455335021,0.08009728789329529,0.03274313732981682,0.0956280380487442,,,,,,,,,,,,
9,1489,1.0,1.0,0.9781250357627869,0.9906250238418579,0.965624988079071,0.9868749976158142,0.05850885435938835,0.0008510638144798577,0.0048507750034332275,0.10085104405879974,0.043705858290195465,0.1422855257987976,,,,,,,,,,,,
9,1499,1.0,1.0,0.96875,1.0,0.9750000238418579,0.9887499809265137,0.05526677519083023,0.0009149361285381019,0.0069061568938195705,0.09588251262903214,0.04624444246292114,0.12638582289218903,,,,,,,,,,,,
9,1509,1.0,1.0,0.9750000238418579,0.984375,0.987500011920929,0.9893750548362732,0.05196940898895264,0.0009473036043345928,0.005136421415954828,0.09838204830884933,0.04382927715778351,0.11155201494693756,,,,,,,,,,,,
9,1519,1.0,1.0,0.9593750238418579,0.9906250238418579,0.953125,0.9806249737739563,0.07040072977542877,0.0006838899571448565,0.005602975841611624,0.1419324427843094,0.04664032161235809,0.15714401006698608,,,,,,,,,,,,
9,1529,1.0,1.0,0.9750000238418579,0.987500011920929,0.965624988079071,0.9856249690055847,0.05979607254266739,0.001142218243330717,0.006545493844896555,0.10030045360326767,0.05294402688741684,0.1380481719970703,,,,,,,,,,,,
9,1539,1.0,1.0,0.984375,0.984375,0.965624988079071,0.9868749976158142,0.05992908403277397,0.0006298004882410169,0.007042768411338329,0.0790511816740036,0.06159002333879471,0.15133163332939148,,,,,,,,,,,,
9,1549,1.0,1.0,0.9750000238418579,0.9906250238418579,0.953125,0.9837499856948853,0.06701862066984177,0.0005481276893988252,0.005856027361005545,0.10390283167362213,0.054724156856536865,0.17006196081638336,,,,,,,,,,,,
9,1559,1.0,1.0,0.9906250238418579,0.996874988079071,0.9906250238418579,0.9956250190734863,0.040610503405332565,0.0006699899677187204,0.0049119326286017895,0.06575381010770798,0.02956387773156166,0.10215289890766144,,,,,,,,,,,,
9,1569,1.0,1.0,1.0,0.9750000238418579,0.9125000238418579,0.9774999618530273,0.0745147243142128,0.0007120818481780589,0.0057555390521883965,0.06191418319940567,0.08808260411024094,0.2161092311143875,,,,,,,,,,,,
9,1569,,,,,,,,,,,,,0.9993897676467896,0.9973496794700623,0.9355997443199158,0.9417299032211304,0.8450397849082947,0.9438220262527466,0.16313646733760834,0.002126887207850814,0.017107881605625153,0.2147240787744522,0.17518866062164307,0.40653491020202637
10,1579,1.0,1.0,0.9937500357627869,0.984375,0.9750000238418579,0.9906250238418579,0.05169333145022392,0.0004898577462881804,0.006490976549685001,0.07302429527044296,0.057190097868442535,0.12127141654491425,,,,,,,,,,,,
10,1589,1.0,1.0,0.96875,0.987500011920929,0.96875,0.9850000739097595,0.06378799676895142,0.0007304464234039187,0.006593112833797932,0.11647210270166397,0.05262204259634018,0.14252229034900665,,,,,,,,,,,,
10,1599,1.0,0.996874988079071,0.984375,0.984375,0.981249988079071,0.9893750548362732,0.04459550604224205,0.00307922950014472,0.01191349420696497,0.07474309951066971,0.043805867433547974,0.08943583071231842,,,,,,,,,,,,
10,1609,1.0,1.0,0.9906250238418579,0.996874988079071,0.9750000238418579,0.9925000071525574,0.051077522337436676,0.0005660401657223701,0.005285682622343302,0.08390654623508453,0.03173086792230606,0.13389848172664642,,,,,,,,,,,,
10,1619,1.0,1.0,0.984375,0.9937500357627869,0.965624988079071,0.9887499809265137,0.05383048579096794,0.0007552627939730883,0.005985461175441742,0.07251086831092834,0.05288888141512871,0.13701196014881134,,,,,,,,,,,,
10,1629,1.0,1.0,1.0,0.987500011920929,0.9750000238418579,0.9925000071525574,0.044010091572999954,0.001204433385282755,0.009919468313455582,0.056118935346603394,0.04311113432049751,0.10969648510217667,,,,,,,,,,,,
10,1639,1.0,1.0,0.9937500357627869,0.984375,0.9281250238418579,0.981249988079071,0.07003279775381088,0.0007102196104824543,0.005999499000608921,0.07731375098228455,0.059505872428417206,0.20663467049598694,,,,,,,,,,,,
10,1649,1.0,1.0,1.0,0.996874988079071,0.9937500357627869,0.9981250166893005,0.03189082071185112,0.0008964630542322993,0.003560066921636462,0.05677676945924759,0.023658502846956253,0.07456231117248535,,,,,,,,,,,,
10,1659,1.0,1.0,0.981249988079071,0.987500011920929,0.971875011920929,0.9881250262260437,0.042343009263277054,0.0006338873063214123,0.005761400796473026,0.06819745153188705,0.03571527078747749,0.10140702873468399,,,,,,,,,,,,
10,1669,1.0,0.996874988079071,0.9937500357627869,0.996874988079071,0.9750000238418579,0.9925000071525574,0.04300609603524208,0.0006505952915176749,0.009135575965046883,0.07492118328809738,0.026809802278876305,0.10351331532001495,,,,,,,,,,,,
10,1679,1.0,1.0,0.996874988079071,0.987500011920929,0.981249988079071,0.9931249618530273,0.0361727699637413,0.000578120700083673,0.005119037348777056,0.04740311950445175,0.02996218204498291,0.09780138731002808,,,,,,,,,,,,
10,1689,1.0,1.0,0.971875011920929,0.9937500357627869,0.981249988079071,0.9893750548362732,0.04153810814023018,0.0005048424354754388,0.005019845440983772,0.08451125025749207,0.02762659266591072,0.09002800285816193,,,,,,,,,,,,
10,1699,1.0,1.0,0.987500011920929,0.996874988079071,0.9781250357627869,0.9925000071525574,0.04109005630016327,0.0007568379514850676,0.0049558668397367,0.06089767813682556,0.03830726072192192,0.1005326360464096,,,,,,,,,,,,
10,1709,1.0,1.0,1.0,0.9906250238418579,0.9625000357627869,0.9906250238418579,0.04339092969894409,0.0004668164474423975,0.005480014253407717,0.049912430346012115,0.04034505784511566,0.1207503229379654,,,,,,,,,,,,
10,1719,1.0,1.0,0.981249988079071,0.9906250238418579,0.981249988079071,0.9906250238418579,0.039279788732528687,0.0005641930038109422,0.005151301622390747,0.06407894939184189,0.03321544826030731,0.09338904917240143,,,,,,,,,,,,
10,1726,,,,,,,,,,,,,0.9999200105667114,0.9971098899841309,0.9370700120925903,0.9487801194190979,0.8553498983383179,0.947645902633667,0.1541912704706192,0.0009790844051167369,0.017014585435390472,0.20219556987285614,0.1579369604587555,0.3928300738334656
11,1729,1.0,1.0,0.9906250238418579,0.9937500357627869,0.981249988079071,0.9931249618530273,0.044157542288303375,0.0004825860378332436,0.005596121773123741,0.06979137659072876,0.03990896791219711,0.10500866174697876,,,,,,,,,,,,
11,1739,1.0,1.0,0.996874988079071,0.996874988079071,0.9937500357627869,0.9975000619888306,0.029551172628998756,0.00043832213850691915,0.006490533240139484,0.05208148434758186,0.027139663696289062,0.06160586327314377,,,,,,,,,,,,
11,1749,1.0,1.0,0.965624988079071,1.0,0.987500011920929,0.9906250238418579,0.04733265936374664,0.00036844375426881015,0.0038648967165499926,0.11748336255550385,0.018183376640081406,0.09676322340965271,,,,,,,,,,,,
11,1759,1.0,1.0,0.9937500357627869,0.9937500357627869,0.96875,0.9912500381469727,0.03911614045500755,0.0009247203124687076,0.004355044104158878,0.04734593629837036,0.037500374019145966,0.10545462369918823,,,,,,,,,,,,
11,1769,1.0,1.0,0.9937500357627869,1.0,0.9593750238418579,0.9906250238418579,0.04222835600376129,0.00034936144948005676,0.004589298274368048,0.056364066898822784,0.02718091942369938,0.1226581335067749,,,,,,,,,,,,
11,1779,1.0,0.996874988079071,0.996874988079071,0.996874988079071,0.987500011920929,0.9956250190734863,0.035780198872089386,0.0007087518461048603,0.006556729786098003,0.05771293491125107,0.027710160240530968,0.0862124115228653,,,,,,,,,,,,
11,1789,1.0,1.0,0.9906250238418579,0.996874988079071,0.987500011920929,0.9950000047683716,0.03632146120071411,0.00031287071760743856,0.005692129489034414,0.056434571743011475,0.02900904044508934,0.09015869349241257,,,,,,,,,,,,
11,1799,1.0,1.0,0.9750000238418579,0.9906250238418579,0.971875011920929,0.987500011920929,0.05222606286406517,0.00191487988922745,0.005072274710983038,0.10529668629169464,0.03820472210645676,0.11064175516366959,,,,,,,,,,,,
11,1809,1.0,1.0,0.9906250238418579,0.981249988079071,0.981249988079071,0.9906250238418579,0.04806412011384964,0.00042276387102901936,0.0038341160397976637,0.05947418883442879,0.050528205931186676,0.1260613203048706,,,,,,,,,,,,
11,1819,1.0,1.0,0.9937500357627869,0.9937500357627869,0.984375,0.9943750500679016,0.03373075649142265,0.0006527178338728845,0.004073755815625191,0.0503593273460865,0.030645931139588356,0.08292206376791,,,,,,,,,,,,
11,1829,1.0,1.0,0.996874988079071,1.0,0.9937500357627869,0.9981250166893005,0.026003340259194374,0.0005288932006806135,0.002573883393779397,0.04123716801404953,0.015861373394727707,0.06981538236141205,,,,,,,,,,,,
11,1839,1.0,1.0,0.9906250238418579,0.9906250238418579,0.965624988079071,0.9893749356269836,0.04840845614671707,0.000525223440490663,0.007087708450853825,0.0623321607708931,0.04021114110946655,0.13188603520393372,,,,,,,,,,,,
11,1849,1.0,1.0,0.9937500357627869,0.996874988079071,0.9906250238418579,0.9962500929832458,0.031004292890429497,0.0006983571802265942,0.0029570695478469133,0.055834997445344925,0.02597942389547825,0.06955161690711975,,,,,,,,,,,,
11,1859,1.0,1.0,0.9937500357627869,0.9906250238418579,0.9906250238418579,0.9950000047683716,0.031117618083953857,0.00041662235162220895,0.0037090969271957874,0.03833182901144028,0.03204948455095291,0.08108106255531311,,,,,,,,,,,,
11,1869,1.0,0.996874988079071,1.0,0.996874988079071,0.9781250357627869,0.9943750500679016,0.03178982064127922,0.0007006542873568833,0.008061455562710762,0.03697832673788071,0.019702833145856857,0.0935058444738388,,,,,,,,,,,,
11,1879,1.0,1.0,0.996874988079071,0.996874988079071,0.987500011920929,0.9962500929832458,0.03208550810813904,0.0002863038971554488,0.004202245268970728,0.04107227921485901,0.03374404087662697,0.08112265914678574,,,,,,,,,,,,
11,1883,,,,,,,,,,,,,0.9997599720954895,0.9975600242614746,0.9411600232124329,0.9484800100326538,0.8556597828865051,0.948523998260498,0.15284354984760284,0.0012380497064441442,0.015275818295776844,0.19701449573040009,0.15922218561172485,0.39146748185157776
12,1889,1.0,1.0,0.9906250238418579,1.0,0.984375,0.9950000047683716,0.03634544089436531,0.0003159430343657732,0.0037052403204143047,0.06029125303030014,0.026620501652359962,0.09079427272081375,,,,,,,,,,,,
12,1899,1.0,1.0,0.996874988079071,1.0,0.981249988079071,0.9956250190734863,0.029294654726982117,0.0005580803845077753,0.003023672616109252,0.04586987942457199,0.020941928029060364,0.07607971131801605,,,,,,,,,,,,
12,1909,1.0,1.0,0.9937500357627869,0.996874988079071,0.956250011920929,0.9893750548362732,0.04458675906062126,0.0004458844196051359,0.0043539502657949924,0.043383337557315826,0.0346987247467041,0.14005190134048462,,,,,,,,,,,,
12,1919,1.0,1.0,0.996874988079071,0.996874988079071,0.971875011920929,0.9931250810623169,0.04177975282073021,0.000405527331167832,0.0055036386474967,0.05022494122385979,0.02716614305973053,0.12559852004051208,,,,,,,,,,,,
12,1929,1.0,1.0,0.996874988079071,1.0,0.9937500357627869,0.9981250166893005,0.02790573239326477,0.000527500465977937,0.0035491466987878084,0.045251861214637756,0.02228202298283577,0.06791813671588898,,,,,,,,,,,,
12,1939,1.0,1.0,0.9906250238418579,0.987500011920929,0.9906250238418579,0.9937500357627869,0.036893583834171295,0.0002682082122191787,0.005385822616517544,0.05781062692403793,0.04058292508125305,0.08042033016681671,,,,,,,,,,,,
12,1949,1.0,1.0,0.9937500357627869,0.9937500357627869,0.984375,0.9943750500679016,0.030016053467988968,0.0005318380426615477,0.0033420645631849766,0.04153164103627205,0.02332213707268238,0.0813525840640068,,,,,,,,,,,,
12,1959,1.0,1.0,0.996874988079071,0.996874988079071,0.971875011920929,0.9931250810623169,0.031913768500089645,0.0003353079955559224,0.004414254799485207,0.042564790695905685,0.02228446863591671,0.08997000753879547,,,,,,,,,,,,
12,1969,1.0,1.0,0.981249988079071,1.0,0.984375,0.9931249618530273,0.03451931104063988,0.0010007943492382765,0.003740780521184206,0.06831597536802292,0.02780979871749878,0.07172921299934387,,,,,,,,,,,,
12,1979,1.0,1.0,0.996874988079071,1.0,0.984375,0.9962499737739563,0.0307010505348444,0.00028125164681114256,0.003906683996319771,0.038069359958171844,0.025316160172224045,0.08593179285526276,,,,,,,,,,,,
12,1989,1.0,1.0,1.0,0.996874988079071,0.996874988079071,0.9987500309944153,0.02578049898147583,0.00036232551792636514,0.002638334408402443,0.03736519068479538,0.027697095647454262,0.06083954498171806,,,,,,,,,,,,
12,1999,1.0,1.0,0.996874988079071,1.0,0.987500011920929,0.996874988079071,0.02648221328854561,0.0003413533850107342,0.0026892642490565777,0.04066627100110054,0.020027155056595802,0.06868702918291092,,,,,,,,,,,,
12,2009,1.0,1.0,1.0,0.9906250238418579,0.9906250238418579,0.9962499737739563,0.02759188786149025,0.0003151095879729837,0.0031806849874556065,0.03559429943561554,0.030987560749053955,0.06788177788257599,,,,,,,,,,,,
12,2019,1.0,1.0,0.996874988079071,0.996874988079071,0.971875011920929,0.9931250810623169,0.031958092004060745,0.0003324996796436608,0.0022766445763409138,0.039679769426584244,0.029983174055814743,0.0875183641910553,,,,,,,,,,,,
12,2029,1.0,1.0,0.9906250238418579,0.9906250238418579,0.981249988079071,0.9924999475479126,0.03393784910440445,0.00035162080894224346,0.004606447648257017,0.052622921764850616,0.03698154538869858,0.07512670010328293,,,,,,,,,,,,
12,2039,1.0,1.0,0.9937500357627869,1.0,0.9937500357627869,0.9975000619888306,0.02660166658461094,0.0006062097963877022,0.003863503457978368,0.04482657089829445,0.022283276543021202,0.06142876297235489,,,,,,,,,,,,
12,2040,,,,,,,,,,,,,0.9995197653770447,0.997209906578064,0.94461989402771,0.9577099084854126,0.8657299876213074,0.9529579877853394,0.13787052035331726,0.001717286417260766,0.01603418029844761,0.17303554713726044,0.13631001114845276,0.36225542426109314
13,2049,1.0,1.0,0.9937500357627869,1.0,0.9906250238418579,0.996874988079071,0.024563616141676903,0.0003488000947982073,0.00253663444891572,0.03976104408502579,0.013636225834488869,0.06653536856174469,,,,,,,,,,,,
13,2059,1.0,1.0,0.9937500357627869,0.9937500357627869,0.971875011920929,0.9918751120567322,0.036896415054798126,0.00029284830088727176,0.004904645495116711,0.0411849282681942,0.0349951907992363,0.10310444980859756,,,,,,,,,,,,
13,2069,1.0,1.0,1.0,0.996874988079071,0.987500011920929,0.996874988079071,0.029082274064421654,0.00029488152358680964,0.003269920125603676,0.038015782833099365,0.025695234537124634,0.07813555747270584,,,,,,,,,,,,
13,2079,1.0,1.0,0.996874988079071,1.0,0.9906250238418579,0.9975000619888306,0.026372671127319336,0.00048372484161518514,0.0037268935702741146,0.040612466633319855,0.020257985219359398,0.06678228080272675,,,,,,,,,,,,
13,2089,1.0,1.0,0.996874988079071,1.0,0.984375,0.9962499737739563,0.032865192741155624,0.000586381065659225,0.0045340959914028645,0.043533798307180405,0.03184881806373596,0.08382286131381989,,,,,,,,,,,,
13,2099,1.0,1.0,0.987500011920929,0.9937500357627869,0.981249988079071,0.9925000071525574,0.03379776328802109,0.00021783197007607669,0.002450614469125867,0.06233876943588257,0.026697913184762,0.07728368043899536,,,,,,,,,,,,
13,2109,1.0,1.0,1.0,0.996874988079071,0.981249988079071,0.9956250190734863,0.027518603950738907,0.00026327106752432883,0.0033081411384046078,0.03402299806475639,0.023999808356165886,0.07599879801273346,,,,,,,,,,,,
13,2119,1.0,1.0,0.996874988079071,1.0,0.981249988079071,0.9956250190734863,0.02993904985487461,0.0003016220289282501,0.003506264416500926,0.04424937441945076,0.03127828985452652,0.07035969942808151,,,,,,,,,,,,
13,2129,1.0,1.0,0.996874988079071,1.0,0.984375,0.9962499737739563,0.025220170617103577,0.00033000457915477455,0.0022850139066576958,0.03628344088792801,0.014990584924817085,0.07221180945634842,,,,,,,,,,,,
13,2139,1.0,1.0,0.9937500357627869,0.996874988079071,0.984375,0.9950000643730164,0.026653988286852837,0.0002082509163301438,0.002932098926976323,0.03986150771379471,0.017721574753522873,0.07254651188850403,,,,,,,,,,,,
13,2149,1.0,1.0,0.987500011920929,0.996874988079071,0.9937500357627869,0.9956250190734863,0.026627445593476295,0.00019947078544646502,0.002825494622811675,0.05462770536541939,0.025878718122839928,0.0496058352291584,,,,,,,,,,,,
13,2159,1.0,1.0,1.0,1.0,0.981249988079071,0.9962499737739563,0.023168889805674553,0.00025748234475031495,0.002884870395064354,0.026901621371507645,0.018472833558917046,0.06732763350009918,,,,,,,,,,,,
13,2169,1.0,1.0,0.9937500357627869,1.0,0.9906250238418579,0.996874988079071,0.02583516575396061,0.0005661469185724854,0.003272694768384099,0.03464310243725777,0.02774171158671379,0.06295217573642731,,,,,,,,,,,,
13,2179,1.0,1.0,1.0,0.996874988079071,0.9937500357627869,0.9981250166893005,0.020527122542262077,0.0002769943093881011,0.0019656848162412643,0.03091912902891636,0.019088465720415115,0.050385333597660065,,,,,,,,,,,,
13,2189,1.0,1.0,0.9937500357627869,0.996874988079071,0.996874988079071,0.9975000619888306,0.01928078569471836,0.0002908981405198574,0.0030550865922123194,0.034015439450740814,0.016218869015574455,0.042823635041713715,,,,,,,,,,,,
13,2197,,,,,,,,,,,,,0.9996598958969116,0.9957699179649353,0.9452100396156311,0.9551700353622437,0.8642098903656006,0.9520040154457092,0.13857689499855042,0.00107341178227216,0.017266396433115005,0.1679583638906479,0.13934360444545746,0.36724284291267395
14,2199,1.0,1.0,0.9937500357627869,0.9937500357627869,0.9906250238418579,0.9956250190734863,0.02499065361917019,0.00022350336075760424,0.0019571823067963123,0.031569961458444595,0.02610045112669468,0.06510217487812042,,,,,,,,,,,,
14,2209,1.0,1.0,0.9937500357627869,0.9937500357627869,0.9906250238418579,0.9956250190734863,0.025856131687760353,0.0010778481373563409,0.0056313094682991505,0.04345516115427017,0.019767023622989655,0.05934932082891464,,,,,,,,,,,,
14,2219,1.0,1.0,0.9781250357627869,0.996874988079071,0.987500011920929,0.9925000071525574,0.02788679301738739,0.0006365142180584371,0.0037719577085226774,0.05212848260998726,0.019770322367548943,0.06312669068574905,,,,,,,,,,,,
14,2229,1.0,1.0,1.0,0.996874988079071,0.987500011920929,0.996874988079071,0.020807474851608276,0.0005209507653489709,0.001509866677224636,0.03309832885861397,0.016491664573550224,0.05241656303405762,,,,,,,,,,,,
14,2239,1.0,1.0,1.0,1.0,0.9906250238418579,0.9981250166893005,0.02860039472579956,0.0002593139361124486,0.0027692930307239294,0.04679857939481735,0.02158217690885067,0.07159259915351868,,,,,,,,,,,,
14,2249,1.0,1.0,0.9906250238418579,0.9937500357627869,1.0,0.996874988079071,0.02095240168273449,0.00028410556842572987,0.0017818501219153404,0.03789208456873894,0.020036540925502777,0.04476741701364517,,,,,,,,,,,,
14,2259,1.0,1.0,0.9906250238418579,1.0,0.9906250238418579,0.9962499737739563,0.028062963858246803,0.00062431616242975,0.003098351415246725,0.044693078845739365,0.023368090391159058,0.06853096932172775,,,,,,,,,,,,
14,2269,1.0,1.0,0.9906250238418579,0.996874988079071,0.996874988079071,0.996874988079071,0.02225220389664173,0.0001980658562388271,0.0019397441064938903,0.037853922694921494,0.019739696756005287,0.05152958631515503,,,,,,,,,,,,
14,2279,1.0,1.0,0.996874988079071,0.9937500357627869,0.984375,0.9950000643730164,0.02336052991449833,0.00036914320662617683,0.0016144901746883988,0.028797617182135582,0.02481292374432087,0.06120847538113594,,,,,,,,,,,,
14,2289,1.0,1.0,0.987500011920929,1.0,0.9906250238418579,0.9956250190734863,0.029000449925661087,0.0004022691282443702,0.0032281551975756884,0.05298222228884697,0.024621780961751938,0.06376782804727554,,,,,,,,,,,,
14,2299,1.0,1.0,1.0,0.996874988079071,1.0,0.9993749856948853,0.012865963391959667,0.0002529961639083922,0.0023179822601377964,0.02287725917994976,0.01255258359014988,0.026328999549150467,,,,,,,,,,,,
14,2309,1.0,1.0,0.9937500357627869,0.996874988079071,0.9906250238418579,0.9962500929832458,0.02375546656548977,0.00028916687006130815,0.00259048817679286,0.03344154357910156,0.023668639361858368,0.05878748744726181,,,,,,,,,,,,
14,2319,1.0,1.0,0.9906250238418579,1.0,0.981249988079071,0.9943749308586121,0.019638044759631157,0.0002507407043594867,0.0016880324110388756,0.03315301239490509,0.010393986478447914,0.05270444229245186,,,,,,,,,,,,
14,2329,1.0,1.0,1.0,1.0,0.984375,0.996874988079071,0.021275287494063377,0.00022695113148074597,0.002158427145332098,0.030809050425887108,0.016656648367643356,0.05652536079287529,,,,,,,,,,,,
14,2339,1.0,1.0,0.987500011920929,1.0,0.9781250357627869,0.9931249618530273,0.0246589332818985,0.0003365968295838684,0.0022400659509003162,0.038738396018743515,0.016430513933300972,0.0655490905046463,,,,,,,,,,,,
14,2349,1.0,1.0,0.996874988079071,1.0,0.987500011920929,0.996874988079071,0.020780516788363457,0.00014763600484002382,0.0014341988135129213,0.030738264322280884,0.009372672066092491,0.062209807336330414,,,,,,,,,,,,
14,2354,,,,,,,,,,,,,0.999319851398468,0.996660053730011,0.9483000636100769,0.958810031414032,0.8731300830841064,0.9552438259124756,0.13474418222904205,0.0018480527214705944,0.0179312564432621,0.1604309231042862,0.13303638994693756,0.36047446727752686
15,2359,1.0,1.0,1.0,1.0,0.9937500357627869,0.9987500309944153,0.020323965698480606,0.00029431580333039165,0.0028190454468131065,0.024146126583218575,0.022459523752331734,0.05190081149339676,,,,,,,,,,,,
15,2369,1.0,1.0,0.996874988079071,0.9937500357627869,0.996874988079071,0.9975000619888306,0.014727962203323841,0.0001417758030584082,0.0017131606582552195,0.022540679201483727,0.015137767419219017,0.034106429666280746,,,,,,,,,,,,
15,2379,1.0,1.0,0.996874988079071,1.0,0.996874988079071,0.9987500309944153,0.01877155527472496,0.00031127064721658826,0.0016075415769591928,0.02908613160252571,0.014503429643809795,0.048349399119615555,,,,,,,,,,,,
15,2389,1.0,1.0,0.9906250238418579,0.996874988079071,0.996874988079071,0.996874988079071,0.023618178442120552,0.0010354847181588411,0.002305066678673029,0.03887055069208145,0.023452209308743477,0.05242758244276047,,,,,,,,,,,,
15,2399,1.0,1.0,0.996874988079071,0.996874988079071,0.996874988079071,0.9981250166893005,0.013882364146411419,0.0002290334814460948,0.001940193586051464,0.020108452066779137,0.012961571104824543,0.03417257219552994,,,,,,,,,,,,
15,2409,1.0,1.0,0.996874988079071,0.996874988079071,0.987500011920929,0.9962500929832458,0.022803490981459618,0.00035501032834872603,0.0023630266077816486,0.039614517241716385,0.019153017550706863,0.0525318868458271,,,,,,,,,,,,
15,2419,1.0,1.0,1.0,0.996874988079071,0.996874988079071,0.9987500309944153,0.013671803288161755,0.00016839129966683686,0.0020515969954431057,0.02185853198170662,0.011237947270274162,0.033042553812265396,,,,,,,,,,,,
15,2429,1.0,1.0,1.0,1.0,0.996874988079071,0.9993749856948853,0.020534208044409752,0.00024031016801018268,0.002459618728607893,0.030037980526685715,0.021023210138082504,0.04890991374850273,,,,,,,,,,,,
15,2439,1.0,1.0,1.0,1.0,0.996874988079071,0.9993749856948853,0.017985166981816292,0.00023281337053049356,0.0030384075362235308,0.03113463521003723,0.013826591894030571,0.04169338196516037,,,,,,,,,,,,
15,2449,1.0,1.0,0.996874988079071,1.0,0.987500011920929,0.996874988079071,0.020536813884973526,0.00016683487046975642,0.002927843015640974,0.02773888036608696,0.012246238999068737,0.05960426852107048,,,,,,,,,,,,
15,2459,1.0,1.0,0.996874988079071,1.0,0.996874988079071,0.9987500309944153,0.01798631064593792,0.00016215306823141873,0.0018860269337892532,0.02557910606265068,0.012852867133915424,0.049451399594545364,,,,,,,,,,,,
15,2469,1.0,1.0,0.996874988079071,0.996874988079071,0.996874988079071,0.9981250166893005,0.017064956948161125,0.00017061640392057598,0.0019921092316508293,0.029389243572950363,0.01670267805457115,0.037070132791996,,,,,,,,,,,,
15,2479,1.0,1.0,0.996874988079071,0.9937500357627869,0.996874988079071,0.9975000619888306,0.01489020325243473,0.0003043412580154836,0.0023075747303664684,0.021828340366482735,0.015263780951499939,0.03474697843194008,,,,,,,,,,,,
15,2489,1.0,1.0,1.0,0.987500011920929,0.9906250238418579,0.9956250190734863,0.023600919172167778,0.000257636682363227,0.0020670942030847073,0.022611672058701515,0.031105458736419678,0.061962731182575226,,,,,,,,,,,,
15,2499,1.0,1.0,0.996874988079071,1.0,1.0,0.9993749856948853,0.009708776138722897,0.0001290490763494745,0.0009448222699575126,0.015372015535831451,0.007697151508182287,0.02440084144473076,,,,,,,,,,,,
15,2509,1.0,1.0,0.996874988079071,0.996874988079071,0.96875,0.9925000071525574,0.023223180323839188,0.0001761656312737614,0.0023734259884804487,0.02822766825556755,0.01796620711684227,0.06737243384122849,,,,,,,,,,,,
15,2511,,,,,,,,,,,,,0.9995599389076233,0.9984996914863586,0.9552400708198547,0.9581599831581116,0.8647599816322327,0.9552441835403442,0.13646696507930756,0.0014905622228980064,0.00812860019505024,0.1421288698911667,0.14055173099040985,0.390034943819046
16,2519,1.0,1.0,0.996874988079071,0.9937500357627869,0.9781250357627869,0.9937500357627869,0.02271437458693981,0.00021234937594272196,0.0024160936009138823,0.027634169906377792,0.020900387316942215,0.06240886449813843,,,,,,,,,,,,
16,2529,1.0,1.0,0.996874988079071,1.0,0.9937500357627869,0.9981250166893005,0.017154259607195854,0.0004632112686522305,0.0013368126237764955,0.025312289595603943,0.016871247440576553,0.04178773611783981,,,,,,,,,,,,
16,2539,1.0,1.0,0.9937500357627869,1.0,0.987500011920929,0.9962500929832458,0.017058515921235085,0.00036299278144724667,0.0018851883942261338,0.02487456426024437,0.014807331375777721,0.04336250573396683,,,,,,,,,,,,
16,2549,1.0,1.0,1.0,0.996874988079071,0.996874988079071,0.9987500309944153,0.01405892800539732,0.00016559063806198537,0.0012900071451440454,0.02402852475643158,0.011345786042511463,0.03346473351120949,,,,,,,,,,,,
16,2559,1.0,1.0,0.9937500357627869,0.996874988079071,1.0,0.9981250762939453,0.020326215773820877,0.00035721049061976373,0.003159600542858243,0.03391844779253006,0.01800518110394478,0.04619063436985016,,,,,,,,,,,,
16,2569,1.0,1.0,1.0,1.0,0.996874988079071,0.9993749856948853,0.013548210263252258,0.00026160621200688183,0.0018262232188135386,0.01712849549949169,0.015906836837530136,0.03261788934469223,,,,,,,,,,,,
16,2579,1.0,1.0,0.987500011920929,0.996874988079071,0.996874988079071,0.9962499737739563,0.018934786319732666,0.0001304286706726998,0.0015945720952004194,0.03631562739610672,0.014318877831101418,0.042314428836107254,,,,,,,,,,,,
16,2589,1.0,1.0,1.0,1.0,0.987500011920929,0.9975000619888306,0.016434991732239723,0.00023105592117644846,0.0016370853409171104,0.018831642344594002,0.01213454082608223,0.049340635538101196,,,,,,,,,,,,
16,2599,1.0,1.0,1.0,1.0,0.996874988079071,0.9993749856948853,0.014015734195709229,0.0002621926832944155,0.0014896084321662784,0.021945776417851448,0.013444540090858936,0.03293655067682266,,,,,,,,,,,,
16,2609,1.0,1.0,0.996874988079071,1.0,0.9937500357627869,0.9981250166893005,0.014359408989548683,0.0001508141722297296,0.0018424016889184713,0.021292945370078087,0.010777285322546959,0.037733592092990875,,,,,,,,,,,,
16,2619,1.0,1.0,1.0,1.0,0.9906250238418579,0.9981250166893005,0.015718800947070122,0.0003015371330548078,0.0032836534082889557,0.015543210320174694,0.011897518299520016,0.047568075358867645,,,,,,,,,,,,
16,2629,1.0,1.0,1.0,1.0,0.9937500357627869,0.9987500309944153,0.016802944242954254,0.00020327154197730124,0.00208415393717587,0.020439529791474342,0.01879413053393364,0.042493633925914764,,,,,,,,,,,,
16,2639,1.0,1.0,1.0,1.0,0.9937500357627869,0.9987500309944153,0.013990876264870167,0.00014590153296012431,0.0019730827771127224,0.01806497946381569,0.008094909600913525,0.04167550802230835,,,,,,,,,,,,
16,2649,1.0,1.0,1.0,1.0,0.996874988079071,0.9993749856948853,0.012850180268287659,0.00013685054727829993,0.0009510619565844536,0.01655583456158638,0.010865936987102032,0.03574121370911598,,,,,,,,,,,,
16,2659,1.0,1.0,1.0,0.9937500357627869,1.0,0.9987500309944153,0.014270742423832417,0.00016257651441264898,0.0011458003427833319,0.019203443080186844,0.016344761475920677,0.03449712693691254,,,,,,,,,,,,
16,2668,,,,,,,,,,,,,0.999579906463623,0.9984796047210693,0.958669900894165,0.9641499519348145,0.8862200379371643,0.9614198207855225,0.118746817111969,0.0013296925462782383,0.008272799663245678,0.13336411118507385,0.12389062345027924,0.3268769085407257
17,2669,1.0,1.0,0.996874988079071,1.0,0.9937500357627869,0.9981250166893005,0.016036106273531914,9.651671280153096e-05,0.0013142413226887584,0.02427106536924839,0.007087770849466324,0.047410931438207626,,,,,,,,,,,,
17,2679,1.0,1.0,0.996874988079071,0.9906250238418579,0.987500011920929,0.9950000643730164,0.0200709979981184,0.00018657736654859036,0.0012793700443580747,0.02191728539764881,0.024227458983659744,0.0527442991733551,,,,,,,,,,,,
17,2689,1.0,1.0,0.996874988079071,0.996874988079071,1.0,0.9987500309944153,0.014824777841567993,0.00029098382219672203,0.002312546595931053,0.023560626432299614,0.009534066542983055,0.038425661623477936,,,,,,,,,,,,
17,2699,1.0,1.0,1.0,1.0,0.996874988079071,0.9993749856948853,0.013154043816030025,0.00011353490117471665,0.0024966676719486713,0.018089406192302704,0.0074701025150716305,0.037600502371788025,,,,,,,,,,,,
17,2709,1.0,1.0,1.0,1.0,0.9937500357627869,0.9987500309944153,0.014359692111611366,0.00014870909217279404,0.0016770018264651299,0.018733080476522446,0.01023869402706623,0.04100097343325615,,,,,,,,,,,,
17,2719,1.0,1.0,0.996874988079071,1.0,0.996874988079071,0.9987500309944153,0.013445823453366756,0.00017140136333182454,0.0011733839055523276,0.02166217565536499,0.010029488243162632,0.03419266641139984,,,,,,,,,,,,
17,2729,1.0,1.0,1.0,1.0,0.9906250238418579,0.9981250166893005,0.014977534301578999,0.00017612791270948946,0.0021684698294848204,0.022437194362282753,0.009624126367270947,0.04048175364732742,,,,,,,,,,,,
17,2739,1.0,0.996874988079071,0.9906250238418579,1.0,0.9937500357627869,0.9962500929832458,0.017963333055377007,0.00024908376508392394,0.006468902342021465,0.030949536710977554,0.012775848619639874,0.039373286068439484,,,,,,,,,,,,
17,2749,1.0,1.0,0.996874988079071,1.0,0.987500011920929,0.996874988079071,0.015559989027678967,0.0005005999119020998,0.001800376339815557,0.022654235363006592,0.009419073350727558,0.043425656855106354,,,,,,,,,,,,
17,2759,1.0,1.0,1.0,1.0,1.0,1.0,0.008363211527466774,0.00014545062731485814,0.00122703961096704,0.011307252570986748,0.005915455054491758,0.023220855742692947,,,,,,,,,,,,
17,2769,1.0,1.0,0.996874988079071,1.0,0.987500011920929,0.996874988079071,0.01920333504676819,0.00015643426741007715,0.0012448590714484453,0.03144421428442001,0.012435331009328365,0.05073583871126175,,,,,,,,,,,,
17,2779,1.0,1.0,1.0,1.0,1.0,1.0,0.010439390316605568,0.00010579228546703234,0.0014078690437600017,0.019974905997514725,0.005924182012677193,0.02478419989347458,,,,,,,,,,,,
17,2789,1.0,1.0,0.996874988079071,1.0,1.0,0.9993749856948853,0.016496049240231514,0.0002462226548232138,0.0021467034239321947,0.02198348380625248,0.014372989535331726,0.04373084753751755,,,,,,,,,,,,
17,2799,1.0,1.0,0.996874988079071,1.0,0.996874988079071,0.9987500309944153,0.010970957577228546,0.000165255565661937,0.0012926761992275715,0.01698322221636772,0.007694425527006388,0.028719207271933556,,,,,,,,,,,,
17,2809,1.0,1.0,1.0,1.0,0.9937500357627869,0.9987500309944153,0.011038466356694698,0.0003554214781615883,0.004355941899120808,0.014643862843513489,0.006839426700025797,0.028997674584388733,,,,,,,,,,,,
17,2819,1.0,1.0,1.0,1.0,1.0,1.0,0.01575724594295025,0.00028262208797968924,0.0014143475564196706,0.0258205346763134,0.012600583024322987,0.03866814076900482,,,,,,,,,,,,
17,2825,,,,,,,,,,,,,0.9993898272514343,0.9966700673103333,0.9544799327850342,0.9613099694252014,0.8852300643920898,0.9594159126281738,0.12627775967121124,0.0017710932297632098,0.014012954197824001,0.14556163549423218,0.12601201236248016,0.34403109550476074
18,2829,1.0,1.0,0.9937500357627869,0.9906250238418579,0.996874988079071,0.9962499737739563,0.02026221714913845,0.0007331840461120009,0.005677393637597561,0.024755273014307022,0.027346502989530563,0.042798735201358795,,,,,,,,,,,,
18,2839,1.0,1.0,1.0,0.996874988079071,0.9937500357627869,0.9981250166893005,0.01307749468833208,0.0011588470079004765,0.0013773064129054546,0.01407166849821806,0.013155961409211159,0.035623688250780106,,,,,,,,,,,,
18,2849,1.0,1.0,1.0,1.0,0.996874988079071,0.9993749856948853,0.011448242701590061,0.00010786617349367589,0.0010643905261531472,0.01649169996380806,0.007610723376274109,0.03196653351187706,,,,,,,,,,,,
18,2859,1.0,1.0,0.996874988079071,1.0,0.987500011920929,0.996874988079071,0.01832939311861992,9.816478996071965e-05,0.0031248892191797495,0.023507464677095413,0.014400286599993706,0.05051615834236145,,,,,,,,,,,,
18,2869,1.0,1.0,0.9937500357627869,1.0,0.996874988079071,0.9981250166893005,0.013843369670212269,9.976290311897174e-05,0.001201612176373601,0.023906981572508812,0.012283433228731155,0.03172505646944046,,,,,,,,,,,,
18,2879,1.0,1.0,0.996874988079071,1.0,0.9937500357627869,0.9981250166893005,0.012050583027303219,0.00021004964946769178,0.0013963098172098398,0.018262136727571487,0.010799022391438484,0.02958539128303528,,,,,,,,,,,,
18,2889,1.0,1.0,1.0,0.996874988079071,0.996874988079071,0.9987500309944153,0.012196804396808147,0.00012855390377808362,0.0011437442153692245,0.016193043440580368,0.01168852485716343,0.031830158084630966,,,,,,,,,,,,
18,2899,1.0,1.0,0.9937500357627869,1.0,0.9937500357627869,0.9975000619888306,0.01820220611989498,0.00023614076781086624,0.0018833816284313798,0.026963312178850174,0.014887245371937752,0.047040946781635284,,,,,,,,,,,,
18,2909,1.0,1.0,0.996874988079071,1.0,0.9937500357627869,0.9981250166893005,0.011243744753301144,9.878326818579808e-05,0.0016302403528243303,0.020715467631816864,0.007892305962741375,0.025881921872496605,,,,,,,,,,,,
18,2919,1.0,1.0,0.9937500357627869,1.0,0.9937500357627869,0.9975000619888306,0.013985003344714642,0.00011143785377498716,0.0011446812422946095,0.02081850729882717,0.010451401583850384,0.037398990243673325,,,,,,,,,,,,
18,2929,1.0,1.0,1.0,1.0,0.9937500357627869,0.9987500309944153,0.01140048261731863,0.00019182366668246686,0.0023356780875474215,0.011945012956857681,0.009320255368947983,0.03320964425802231,,,,,,,,,,,,
18,2939,1.0,1.0,0.996874988079071,1.0,0.9937500357627869,0.9981250166893005,0.011063667945563793,0.00014072211342863739,0.0015442324802279472,0.01877770386636257,0.0076415156945586205,0.027214165776968002,,,,,,,,,,,,
18,2949,1.0,1.0,1.0,1.0,0.9937500357627869,0.9987500309944153,0.010191298089921474,6.68561042402871e-05,0.0009813616052269936,0.013607536442577839,0.007121243979781866,0.029179489240050316,,,,,,,,,,,,
18,2959,1.0,1.0,0.9937500357627869,0.996874988079071,0.996874988079071,0.9975000619888306,0.011289726011455059,9.313591726822779e-05,0.0006501903408206999,0.021091127768158913,0.009772559627890587,0.024841617792844772,,,,,,,,,,,,
18,2969,1.0,1.0,1.0,1.0,0.996874988079071,0.9993749856948853,0.008363097906112671,0.0001029868726618588,0.0008405118132941425,0.011796551756560802,0.0034439254086464643,0.025631513446569443,,,,,,,,,,,,
18,2979,1.0,1.0,1.0,1.0,0.9937500357627869,0.9987500309944153,0.012225453741848469,0.00011565288150450215,0.0010258761467412114,0.0145852817222476,0.006978926248848438,0.03842153027653694,,,,,,,,,,,,
18,2982,,,,,,,,,,,,,0.9995599389076233,0.9982295632362366,0.960860013961792,0.965670108795166,0.8941598534584045,0.9636960625648499,0.11538868397474289,0.0012667974224314094,0.008544379845261574,0.1283787339925766,0.1203174814581871,0.3184360861778259
19,2989,1.0,1.0,1.0,1.0,0.996874988079071,0.9993749856948853,0.013769361190497875,0.00020503273117356002,0.0027539751026779413,0.015551616437733173,0.011243998073041439,0.039092183113098145,,,,,,,,,,,,
19,2999,1.0,1.0,1.0,1.0,0.9906250238418579,0.9981250166893005,0.013782761059701443,0.00013820640742778778,0.001063537783920765,0.01579318381845951,0.006887858267873526,0.04503101482987404,,,,,,,,,,,,
19,3009,1.0,1.0,1.0,0.996874988079071,0.984375,0.9962499737739563,0.015700558200478554,0.00012484725448302925,0.0012900022557005286,0.01776352897286415,0.013955091126263142,0.04536931961774826,,,,,,,,,,,,
19,3019,1.0,1.0,0.996874988079071,1.0,0.9937500357627869,0.9981250166893005,0.011355150490999222,9.622993820812553e-05,0.0009895034600049257,0.01699177362024784,0.008588596247136593,0.030109647661447525,,,,,,,,,,,,
19,3029,1.0,1.0,1.0,1.0,0.9937500357627869,0.9987500309944153,0.011743723414838314,8.825428812997416e-05,0.0018534727860242128,0.015358006581664085,0.007710228208452463,0.03370865434408188,,,,,,,,,,,,
19,3039,1.0,1.0,1.0,1.0,0.9937500357627869,0.9987500309944153,0.01071412768214941,0.00010507764818612486,0.002552575897425413,0.010644895024597645,0.007644093595445156,0.03262399137020111,,,,,,,,,,,,
19,3049,1.0,1.0,0.996874988079071,1.0,1.0,0.9993749856948853,0.009365755133330822,0.00011838520003948361,0.0007533569587394595,0.015160669572651386,0.009432317689061165,0.02136404626071453,,,,,,,,,,,,
19,3059,1.0,1.0,1.0,1.0,1.0,1.0,0.007417272310703993,0.000151676096720621,0.0017225306946784258,0.011368544772267342,0.005622180178761482,0.018221428617835045,,,,,,,,,,,,
19,3069,1.0,1.0,1.0,1.0,0.996874988079071,0.9993749856948853,0.008767847903072834,7.862811617087573e-05,0.0010631176410242915,0.01293165422976017,0.006593361496925354,0.023172477260231972,,,,,,,,,,,,
19,3079,1.0,1.0,1.0,1.0,0.996874988079071,0.9993749856948853,0.009228638373315334,0.00019425214850343764,0.0009318360243923962,0.013165883719921112,0.007127672433853149,0.02472354657948017,,,,,,,,,,,,
19,3089,1.0,1.0,1.0,1.0,1.0,1.0,0.007999958470463753,0.000144671939779073,0.0008391885785385966,0.010022126138210297,0.003908164333552122,0.02508563920855522,,,,,,,,,,,,
19,3099,1.0,1.0,1.0,1.0,0.9937500357627869,0.9987500309944153,0.011152924969792366,0.00028157717315480113,0.0013899954501539469,0.010409153066575527,0.00577612454071641,0.03790777549147606,,,,,,,,,,,,
19,3109,1.0,1.0,1.0,1.0,1.0,1.0,0.00843071099370718,9.87079693004489e-05,0.0011705985525622964,0.012444567866623402,0.00633615255355835,0.022103523835539818,,,,,,,,,,,,
19,3119,1.0,1.0,1.0,1.0,1.0,1.0,0.0073964945040643215,8.811001316644251e-05,0.0008218233706429601,0.013917781412601471,0.007716706953942776,0.014438052661716938,,,,,,,,,,,,
19,3129,1.0,1.0,1.0,1.0,0.996874988079071,0.9993749856948853,0.009275062009692192,0.000140181218739599,0.0013421184848994017,0.012325899675488472,0.00985958892852068,0.022707520052790642,,,,,,,,,,,,
19,3139,1.0,1.0,1.0,1.0,1.0,1.0,0.007447253447026014,0.00010082100925501436,0.00043053310946561396,0.009804869070649147,0.004712358117103577,0.02218768373131752,,,,,,,,,,,,
19,3139,,,,,,,,,,,,,0.9991897344589233,0.9976496696472168,0.9607299566268921,0.9657301902770996,0.8944999575614929,0.9635600447654724,0.11740770190954208,0.002354654483497143,0.009932151064276695,0.1296749711036682,0.12188681215047836,0.323189914226532
20,3149,1.0,1.0,0.996874988079071,1.0,0.9937500357627869,0.9981250166893005,0.012683728709816933,7.923773227958009e-05,0.001263267477042973,0.017901718616485596,0.012436974793672562,0.031737446784973145,,,,,,,,,,,,
20,3159,1.0,1.0,1.0,0.996874988079071,0.996874988079071,0.9987500309944153,0.012285289354622364,6.342613050946966e-05,0.0015023540472611785,0.0173714067786932,0.007982376962900162,0.03450687974691391,,,,,,,,,,,,
20,3169,1.0,1.0,0.996874988079071,1.0,0.996874988079071,0.9987500309944153,0.011767287738621235,0.0001671457284828648,0.0015663867816329002,0.019139623269438744,0.007529037538915873,0.030434245243668556,,,,,,,,,,,,
20,3179,1.0,0.996874988079071,1.0,0.996874988079071,0.9937500357627869,0.9975000619888306,0.01097868848592043,8.603635797044262e-05,0.004242603201419115,0.014298014342784882,0.01203454565256834,0.02423224225640297,,,,,,,,,,,,
20,3189,1.0,1.0,1.0,1.0,0.996874988079071,0.9993749856948853,0.008671759627759457,7.591613393742591e-05,0.0006608694093301892,0.013948455452919006,0.003592129098251462,0.02508142590522766,,,,,,,,,,,,
20,3199,1.0,1.0,0.996874988079071,1.0,0.996874988079071,0.9987500309944153,0.010470792651176453,9.868991037365049e-05,0.0008185449987649918,0.016928110271692276,0.009293939918279648,0.025214675813913345,,,,,,,,,,,,
20,3209,1.0,1.0,1.0,1.0,0.9906250238418579,0.9981250166893005,0.012430423870682716,0.0005072272615507245,0.0012700061779469252,0.015343764796853065,0.005003048572689295,0.04002807289361954,,,,,,,,,,,,
20,3219,1.0,1.0,0.996874988079071,1.0,0.996874988079071,0.9987500309944153,0.011278241872787476,6.415700045181438e-05,0.0007781485910527408,0.01380307786166668,0.007329931948333979,0.034415893256664276,,,,,,,,,,,,
20,3229,1.0,1.0,1.0,1.0,1.0,1.0,0.008647202514111996,0.00014214559632819146,0.0009788249153643847,0.013928060419857502,0.006885510869324207,0.02130146697163582,,,,,,,,,,,,
20,3239,1.0,1.0,1.0,1.0,1.0,1.0,0.006233045365661383,9.943995246430859e-05,0.0009533205884508789,0.008789334446191788,0.0046189529821276665,0.016704177483916283,,,,,,,,,,,,
20,3249,1.0,1.0,1.0,1.0,0.996874988079071,0.9993749856948853,0.008435169234871864,0.00018521117453929037,0.0013577159261330962,0.00874064490199089,0.006300479173660278,0.025591794401407242,,,,,,,,,,,,
20,3259,1.0,1.0,1.0,1.0,1.0,1.0,0.008665953762829304,6.058081635273993e-05,0.0008169184438884258,0.014479629695415497,0.007760314736515284,0.020212322473526,,,,,,,,,,,,
20,3269,1.0,1.0,1.0,1.0,0.996874988079071,0.9993749856948853,0.010555229149758816,0.00011058818927267566,0.0009194571757689118,0.015301777049899101,0.008839642629027367,0.02760467864573002,,,,,,,,,,,,
20,3279,1.0,1.0,1.0,1.0,1.0,1.0,0.00547619117423892,6.249226134968922e-05,0.0007919672061689198,0.008720760233700275,0.0038936168421059847,0.01391211710870266,,,,,,,,,,,,
20,3289,1.0,1.0,0.996874988079071,1.0,1.0,0.9993749856948853,0.009299786761403084,0.00013949137064628303,0.0007981295930221677,0.01343963760882616,0.0066000549122691154,0.025521617382764816,,,,,,,,,,,,
20,3296,,,,,,,,,,,,,0.9997298717498779,0.9958601593971252,0.9576400518417358,0.9628197550773621,0.8888598084449768,0.9609819650650024,0.1260215938091278,0.001015938469208777,0.015926647931337357,0.1385052651166916,0.12743763625621796,0.3472224771976471
21,3299,1.0,1.0,1.0,1.0,0.996874988079071,0.9993749856948853,0.007639364805072546,0.0010421709157526493,0.002584554022178054,0.009898140095174313,0.006840198300778866,0.01783176138997078,,,,,,,,,,,,
21,3309,1.0,1.0,1.0,1.0,1.0,1.0,0.006895749364048243,6.681749073322862e-05,0.0009964315686374903,0.013379658572375774,0.005305561237037182,0.014730277471244335,,,,,,,,,,,,
21,3319,1.0,1.0,1.0,1.0,0.996874988079071,0.9993749856948853,0.008641633205115795,0.0001184633729280904,0.0010081178043037653,0.014237399213016033,0.005436755251139402,0.02240743301808834,,,,,,,,,,,,
21,3329,1.0,1.0,1.0,1.0,1.0,1.0,0.006647435016930103,5.986440373817459e-05,0.0008480501128360629,0.007611632347106934,0.006569602992385626,0.018148023635149002,,,,,,,,,,,,
21,3339,1.0,1.0,0.9937500357627869,1.0,0.996874988079071,0.9981250166893005,0.009148315526545048,0.00011668922525132075,0.0014338134787976742,0.019120054319500923,0.006200357340276241,0.01887066289782524,,,,,,,,,,,,
21,3349,1.0,1.0,1.0,1.0,1.0,1.0,0.006592026446014643,0.0001343146723229438,0.001527907676063478,0.010341080836951733,0.003848788794130087,0.017108038067817688,,,,,,,,,,,,
21,3359,1.0,1.0,1.0,1.0,0.996874988079071,0.9993749856948853,0.009917646646499634,0.0001271108485525474,0.0006720161763951182,0.013773071579635143,0.009118870832026005,0.025897163897752762,,,,,,,,,,,,
21,3369,1.0,1.0,1.0,1.0,0.996874988079071,0.9993749856948853,0.006306866649538279,5.703641363652423e-05,0.0008529027691110969,0.00751935550943017,0.004932482726871967,0.018172556534409523,,,,,,,,,,,,
21,3379,1.0,1.0,1.0,1.0,0.996874988079071,0.9993749856948853,0.006004923488944769,4.7208981413859874e-05,0.000803312927018851,0.00661286199465394,0.004085812717676163,0.018475418910384178,,,,,,,,,,,,
21,3389,1.0,1.0,1.0,1.0,0.9937500357627869,0.9987500309944153,0.010647660121321678,0.0002194330154452473,0.0008998791454359889,0.012782024219632149,0.00491719925776124,0.03441976383328438,,,,,,,,,,,,
21,3399,1.0,1.0,1.0,1.0,1.0,1.0,0.007653429638594389,0.00017029084847308695,0.0008366154506802559,0.010023531503975391,0.006398728583008051,0.02083798125386238,,,,,,,,,,,,
21,3409,1.0,1.0,1.0,1.0,1.0,1.0,0.006223166827112436,7.156001083785668e-05,0.0005536650423891842,0.010692627169191837,0.0038906950503587723,0.01590728759765625,,,,,,,,,,,,
21,3419,1.0,1.0,1.0,1.0,0.996874988079071,0.9993749856948853,0.009332491084933281,0.00012983768829144537,0.0011789418058469892,0.014597614295780659,0.00813676230609417,0.022619297727942467,,,,,,,,,,,,
21,3429,1.0,1.0,1.0,1.0,0.996874988079071,0.9993749856948853,0.006283092778176069,6.21276703896001e-05,0.0009108016383834183,0.007219466380774975,0.004131588153541088,0.019091477617621422,,,,,,,,,,,,
21,3439,1.0,1.0,1.0,1.0,0.996874988079071,0.9993749856948853,0.007835667580366135,6.790938641643152e-05,0.0009185190428979695,0.008904474787414074,0.006979654543101788,0.022307779639959335,,,,,,,,,,,,
21,3449,1.0,1.0,0.996874988079071,0.996874988079071,1.0,0.9987500309944153,0.00812558364123106,9.912329551298171e-05,0.002438171533867717,0.01599523425102234,0.0058770375326275826,0.01621835306286812,,,,,,,,,,,,
21,3453,,,,,,,,,,,,,0.9997599124908447,0.9977698922157288,0.9651399254798889,0.9681599736213684,0.9034498929977417,0.9668559432029724,0.10877860337495804,0.0009670823928900063,0.008256818167865276,0.11679641157388687,0.11335616558790207,0.30451667308807373
22,3459,1.0,1.0,1.0,1.0,1.0,1.0,0.007000000681728125,7.704689778620377e-05,0.0009776399238035083,0.013911518268287182,0.0058127776719629765,0.01422102190554142,,,,,,,,,,,,
22,3469,1.0,1.0,1.0,1.0,1.0,1.0,0.00624838238582015,9.2968279204797e-05,0.0008855737978592515,0.01214930135756731,0.004354321397840977,0.01375974714756012,,,,,,,,,,,,
22,3479,1.0,1.0,1.0,1.0,1.0,1.0,0.00620815297588706,0.0001132195902755484,0.0008896085200831294,0.009054118767380714,0.004870077129453421,0.01611373946070671,,,,,,,,,,,,
22,3489,1.0,1.0,0.996874988079071,1.0,0.9937500357627869,0.9981250166893005,0.009267215617001057,0.0002184708573622629,0.0006818295223638415,0.014793743379414082,0.003752970602363348,0.02688906155526638,,,,,,,,,,,,
22,3499,1.0,1.0,1.0,1.0,0.9937500357627869,0.9987500309944153,0.0069004544056952,0.0003816921671386808,0.0014202038291841745,0.007192648947238922,0.0037277094088494778,0.021780017763376236,,,,,,,,,,,,
22,3509,1.0,1.0,1.0,1.0,1.0,1.0,0.0048629590310156345,0.00014448650472331792,0.0006608242983929813,0.008181079290807247,0.0046675847843289375,0.010660819709300995,,,,,,,,,,,,
22,3519,1.0,1.0,1.0,1.0,1.0,1.0,0.006350619252771139,4.017428364022635e-05,0.0010494826128706336,0.008357229642570019,0.005093230400234461,0.01721297949552536,,,,,,,,,,,,
22,3529,1.0,1.0,1.0,1.0,0.996874988079071,0.9993749856948853,0.0060243066400289536,7.158830703701824e-05,0.0006464443868026137,0.005937329959124327,0.0032008639536798,0.020265307277441025,,,,,,,,,,,,
22,3539,1.0,1.0,1.0,1.0,0.987500011920929,0.9975000619888306,0.010157465934753418,4.841520785703324e-05,0.0007196919177658856,0.007646341808140278,0.004026663489639759,0.03834621608257294,,,,,,,,,,,,
22,3549,1.0,1.0,0.996874988079071,1.0,1.0,0.9993749856948853,0.007287516724318266,0.00019202963449060917,0.0010516316397115588,0.012763005681335926,0.006181302480399609,0.016249611973762512,,,,,,,,,,,,
22,3559,1.0,1.0,1.0,1.0,0.9906250238418579,0.9981250166893005,0.011857484467327595,5.445404531201348e-05,0.00046022902824915946,0.011012626811861992,0.007165602408349514,0.04059451073408127,,,,,,,,,,,,
22,3569,1.0,1.0,0.996874988079071,1.0,0.996874988079071,0.9987500309944153,0.007833174429833889,5.265971412882209e-05,0.0006421575089916587,0.013357393443584442,0.007100665010511875,0.018012994900345802,,,,,,,,,,,,
22,3579,1.0,1.0,0.996874988079071,1.0,1.0,0.9993749856948853,0.00740570155903697,5.0990591262234375e-05,0.0006533455452881753,0.014160017482936382,0.007713871542364359,0.014450281858444214,,,,,,,,,,,,
22,3589,1.0,1.0,1.0,1.0,0.996874988079071,0.9993749856948853,0.006923095788806677,6.606512033613399e-05,0.0007430349942296743,0.009685138240456581,0.004040814004838467,0.02008042484521866,,,,,,,,,,,,
22,3599,1.0,1.0,1.0,1.0,1.0,1.0,0.005006018560379744,9.182548092212528e-05,0.0007764037000015378,0.007512128911912441,0.003722523106262088,0.012927209958434105,,,,,,,,,,,,
22,3609,1.0,1.0,0.996874988079071,1.0,0.9937500357627869,0.9981250166893005,0.007383476942777634,7.813664706191048e-05,0.0012156448792666197,0.010683244094252586,0.00518002500757575,0.019760334864258766,,,,,,,,,,,,
22,3610,,,,,,,,,,,,,0.9987497329711914,0.9970700740814209,0.9562999606132507,0.9610300660133362,0.8862898945808411,0.9598879218101501,0.13609933853149414,0.003599419491365552,0.013012168928980827,0.14354686439037323,0.1391609013080597,0.38117727637290955
23,3619,1.0,1.0,1.0,1.0,0.996874988079071,0.9993749856948853,0.008505107834935188,8.131367940222844e-05,0.0006693840259686112,0.01188404019922018,0.0030819433741271496,0.026808857917785645,,,,,,,,,,,,
23,3629,1.0,1.0,0.9937500357627869,1.0,1.0,0.9987500309944153,0.009210181422531605,5.5762902775313705e-05,0.0005758482730016112,0.016621451824903488,0.00506419874727726,0.02373364567756653,,,,,,,,,,,,
23,3639,1.0,1.0,1.0,1.0,0.996874988079071,0.9993749856948853,0.008511143736541271,0.00013052688154857606,0.0012085589114576578,0.013417656533420086,0.006590566597878933,0.02120840921998024,,,,,,,,,,,,
23,3649,1.0,1.0,0.996874988079071,0.996874988079071,0.9937500357627869,0.9975000619888306,0.007939987815916538,5.536358366953209e-05,0.0007437496678903699,0.010670129209756851,0.00609178189188242,0.022138914093375206,,,,,,,,,,,,
23,3659,1.0,1.0,1.0,1.0,0.9937500357627869,0.9987500309944153,0.006428447552025318,8.225700730690733e-05,0.0010806953068822622,0.010384868830442429,0.002913048956543207,0.017681367695331573,,,,,,,,,,,,
23,3669,1.0,1.0,1.0,1.0,0.996874988079071,0.9993749856948853,0.008243036456406116,0.00014324717631097883,0.0012556376168504357,0.011016199365258217,0.00894981063902378,0.019850285723805428,,,,,,,,,,,,
23,3679,1.0,1.0,1.0,1.0,1.0,1.0,0.007846067659556866,8.352872828254476e-05,0.0015280809020623565,0.009689124301075935,0.005524049513041973,0.022405555471777916,,,,,,,,,,,,
23,3689,1.0,1.0,1.0,1.0,0.996874988079071,0.9993749856948853,0.006096166558563709,5.0851365813286975e-05,0.0005425155395641923,0.00792655535042286,0.003203707281500101,0.018757201731204987,,,,,,,,,,,,
23,3699,1.0,1.0,1.0,1.0,1.0,1.0,0.004948613699525595,7.203810673672706e-05,0.0005349282291717827,0.0070853568613529205,0.003938133362680674,0.013112610206007957,,,,,,,,,,,,
23,3709,1.0,1.0,1.0,1.0,1.0,1.0,0.00454355962574482,5.225000131758861e-05,0.0005721687339246273,0.008219154551625252,0.003629833459854126,0.010244391858577728,,,,,,,,,,,,
23,3719,1.0,1.0,1.0,1.0,1.0,1.0,0.005462178029119968,5.366100958781317e-05,0.0007257935358211398,0.009420382790267467,0.005109610967338085,0.012001441791653633,,,,,,,,,,,,
23,3729,1.0,1.0,1.0,1.0,1.0,1.0,0.0032291801180690527,6.248090357985348e-05,0.0005682236514985561,0.005379050504416227,0.0019531724974513054,0.008182971738278866,,,,,,,,,,,,
23,3739,1.0,1.0,1.0,1.0,1.0,1.0,0.005788502749055624,8.825331315165386e-05,0.0005748174735344946,0.0074986182153224945,0.005215239245444536,0.015565586276352406,,,,,,,,,,,,
23,3749,1.0,1.0,1.0,1.0,1.0,1.0,0.0037549857515841722,3.590070264181122e-05,0.0005860013188794255,0.005505927372723818,0.0029256846755743027,0.009721415117383003,,,,,,,,,,,,
23,3759,1.0,1.0,1.0,1.0,1.0,1.0,0.0037257657386362553,7.390535029117018e-05,0.0007567952270619571,0.0051844771951437,0.003303412813693285,0.009310238063335419,,,,,,,,,,,,
23,3767,,,,,,,,,,,,,0.9999699592590332,0.9975998997688293,0.9641799926757812,0.9649899005889893,0.903160035610199,0.9659798741340637,0.11538843810558319,0.0002838119398802519,0.009569589048624039,0.12637628614902496,0.13211071491241455,0.3086017370223999
24,3769,1.0,1.0,1.0,0.996874988079071,1.0,0.9993749856948853,0.005890875589102507,0.00030826745205558836,0.002984096296131611,0.008727780543267727,0.007803270127624273,0.009630962274968624,,,,,,,,,,,,
24,3779,1.0,1.0,1.0,1.0,1.0,1.0,0.005814743228256702,4.698332122643478e-05,0.001245691440999508,0.009226390160620213,0.003627842990681529,0.014926806092262268,,,,,,,,,,,,
24,3789,1.0,1.0,1.0,1.0,1.0,1.0,0.004806774202734232,4.726818951894529e-05,0.0004886648966930807,0.00733856949955225,0.0037211060989648104,0.012438262812793255,,,,,,,,,,,,
24,3799,1.0,1.0,1.0,1.0,0.996874988079071,0.9993749856948853,0.005908177234232426,0.0001542871177662164,0.0005965131567791104,0.007488824427127838,0.0019309327472001314,0.01937032677233219,,,,,,,,,,,,
24,3809,1.0,1.0,1.0,1.0,0.996874988079071,0.9993749856948853,0.0055015236139297485,4.916404213872738e-05,0.0007054732996039093,0.005635849665850401,0.00335427257232368,0.017762858420610428,,,,,,,,,,,,
24,3819,1.0,1.0,1.0,1.0,1.0,1.0,0.005371892359107733,0.00043726927833631635,0.001524740131571889,0.00600659754127264,0.004398706369102001,0.014492149464786053,,,,,,,,,,,,
24,3829,1.0,1.0,0.996874988079071,1.0,1.0,0.9993749856948853,0.00635447958484292,0.00011422778334235772,0.0006847516633570194,0.011238046921789646,0.0032984777353703976,0.016436895355582237,,,,,,,,,,,,
24,3839,1.0,1.0,1.0,1.0,0.996874988079071,0.9993749856948853,0.006280488800257444,6.133041460998356e-05,0.0007359838346019387,0.008871173486113548,0.005018929019570351,0.016715025529265404,,,,,,,,,,,,
24,3849,1.0,1.0,1.0,1.0,1.0,1.0,0.007046951446682215,5.964700903859921e-05,0.0007291052024811506,0.00906447134912014,0.007019651122391224,0.018361883237957954,,,,,,,,,,,,
24,3859,1.0,1.0,1.0,1.0,1.0,1.0,0.006302221212536097,4.588986121234484e-05,0.000589243252761662,0.008058736100792885,0.007298395037651062,0.015518838539719582,,,,,,,,,,,,
24,3869,1.0,1.0,1.0,1.0,1.0,1.0,0.004287449177354574,0.00014577931142412126,0.0009943339973688126,0.007703238166868687,0.0036573316901922226,0.008936564438045025,,,,,,,,,,,,
24,3879,1.0,1.0,1.0,1.0,1.0,1.0,0.0033026684541255236,4.298111889511347e-05,0.00030212843557819724,0.00458924937993288,0.002553636906668544,0.009025346487760544,,,,,,,,,,,,
24,3889,1.0,1.0,0.996874988079071,1.0,0.996874988079071,0.9987500309944153,0.005767703987658024,3.0310056899907067e-05,0.0006144403596408665,0.01012532226741314,0.003294094232842326,0.014774350449442863,,,,,,,,,,,,
24,3899,1.0,1.0,1.0,1.0,1.0,1.0,0.003407272743061185,4.575786442728713e-05,0.0009759393287822604,0.005932711996138096,0.002955509815365076,0.007126445882022381,,,,,,,,,,,,
24,3909,1.0,1.0,1.0,1.0,1.0,1.0,0.0055780112743377686,6.593168654944748e-05,0.00048242523916997015,0.008248320780694485,0.003992849495261908,0.015100528486073017,,,,,,,,,,,,
24,3919,1.0,1.0,0.996874988079071,1.0,1.0,0.9993749856948853,0.006570716854184866,0.00037670807796530426,0.0020674036350101233,0.012043984606862068,0.009136330336332321,0.009229157119989395,,,,,,,,,,,,
24,3924,,,,,,,,,,,,,0.999009907245636,0.99729984998703,0.964229941368103,0.9694598913192749,0.9024500846862793,0.9664899706840515,0.11559784412384033,0.002853612182661891,0.010479901917278767,0.12787093222141266,0.10953570902347565,0.3272492289543152
25,3929,1.0,1.0,1.0,1.0,1.0,1.0,0.005800941027700901,3.465447298367508e-05,0.0007474995800293982,0.007491520140320063,0.004042093642055988,0.016688935458660126,,,,,,,,,,,,
25,3939,1.0,1.0,1.0,1.0,1.0,1.0,0.0031372562516480684,3.667908094939776e-05,0.000537169340532273,0.0039050381164997816,0.002737244125455618,0.008470149710774422,,,,,,,,,,,,
25,3949,1.0,1.0,1.0,1.0,0.996874988079071,0.9993749856948853,0.006168283522129059,4.2954015953000635e-05,0.0006013870006427169,0.008579648099839687,0.005433086771517992,0.01618434116244316,,,,,,,,,,,,
25,3959,1.0,1.0,1.0,1.0,1.0,1.0,0.004968355875462294,4.490205901674926e-05,0.0005887948209419847,0.00738882552832365,0.006510491482913494,0.010308763012290001,,,,,,,,,,,,
25,3969,1.0,1.0,1.0,1.0,0.996874988079071,0.9993749856948853,0.0052347867749631405,4.233744039083831e-05,0.00036970278597436845,0.0066952272318303585,0.0037758045364171267,0.015290861949324608,,,,,,,,,,,,
25,3979,1.0,1.0,1.0,1.0,0.996874988079071,0.9993749856948853,0.003547194181010127,3.9743266825098544e-05,0.00035967884468846023,0.004725608043372631,0.002418192569166422,0.01019274815917015,,,,,,,,,,,,
25,3989,1.0,1.0,1.0,1.0,1.0,1.0,0.0051690745167434216,0.00014782437938265502,0.0008258669404312968,0.006738245487213135,0.0040058852173388,0.014127547852694988,,,,,,,,,,,,
25,3999,1.0,1.0,1.0,1.0,0.996874988079071,0.9993749856948853,0.007019865792244673,5.036013317294419e-05,0.0005289962282404304,0.010265748016536236,0.0038450858555734158,0.02040913887321949,,,,,,,,,,,,
25,4009,1.0,1.0,1.0,1.0,0.987500011920929,0.9975000619888306,0.008720017969608307,7.02959587215446e-05,0.000749867525883019,0.007081347052007914,0.004565020091831684,0.031133558601140976,,,,,,,,,,,,
25,4019,1.0,1.0,1.0,1.0,1.0,1.0,0.004514904692769051,3.613744775066152e-05,0.0005358202615752816,0.007282172795385122,0.0026656044647097588,0.012054788880050182,,,,,,,,,,,,
25,4029,1.0,1.0,1.0,1.0,0.996874988079071,0.9993749856948853,0.005719663109630346,8.295068982988596e-05,0.000606172252446413,0.005860336124897003,0.003908516373485327,0.018140338361263275,,,,,,,,,,,,
25,4039,1.0,1.0,1.0,1.0,1.0,1.0,0.004461049567908049,4.593135599861853e-05,0.0007842053892090917,0.0075396285392344,0.002166795078665018,0.011768686585128307,,,,,,,,,,,,
25,4049,1.0,1.0,1.0,1.0,1.0,1.0,0.0031221413519233465,5.576035619014874e-05,0.000553414283785969,0.005775436758995056,0.002346609253436327,0.00687948614358902,,,,,,,,,,,,
25,4059,1.0,1.0,1.0,1.0,1.0,1.0,0.0022778299171477556,3.532880145939998e-05,0.0005864127306267619,0.0029896574560552835,0.0020386853720992804,0.005739064421504736,,,,,,,,,,,,
25,4069,1.0,1.0,1.0,1.0,1.0,1.0,0.0035006969701498747,4.012976569356397e-05,0.0005972596118226647,0.0046320692636072636,0.00289587932638824,0.009338146075606346,,,,,,,,,,,,
25,4079,1.0,1.0,0.996874988079071,1.0,1.0,0.9993749856948853,0.004281566012650728,4.664960579248145e-05,0.0008607126073911786,0.007449302822351456,0.0033001177944242954,0.00975104607641697,,,,,,,,,,,,
25,4081,,,,,,,,,,,,,0.9998999238014221,0.99798983335495,0.9639800190925598,0.9683399200439453,0.911409854888916,0.968323826789856,0.11050388962030411,0.00047720340080559254,0.00883620698004961,0.1262494921684265,0.11579316854476929,0.30116337537765503
26,4089,1.0,1.0,1.0,1.0,0.996874988079071,0.9993749856948853,0.004263199400156736,0.0001384127390338108,0.000391614914406091,0.005099902395159006,0.003878023475408554,0.011808040551841259,,,,,,,,,,,,
26,4099,1.0,1.0,1.0,1.0,1.0,1.0,0.0035169206093996763,3.7093206628924236e-05,0.00042945551103912294,0.0059264241717755795,0.002498121466487646,0.008693508803844452,,,,,,,,,,,,
26,4109,1.0,1.0,1.0,1.0,1.0,1.0,0.002758418209850788,4.0643863030709326e-05,0.0004177271039225161,0.005129425786435604,0.0021063394378870726,0.006097954697906971,,,,,,,,,,,,
26,4119,1.0,1.0,1.0,1.0,1.0,1.0,0.003306454513221979,3.544431092450395e-05,0.000561944383662194,0.00512896291911602,0.00318189081735909,0.0076240310445427895,,,,,,,,,,,,
26,4129,1.0,1.0,1.0,1.0,1.0,1.0,0.0028594553004950285,2.3059812519932166e-05,0.000243703558226116,0.004802079871296883,0.002175078261643648,0.007053354289382696,,,,,,,,,,,,
26,4139,1.0,1.0,1.0,1.0,0.996874988079071,0.9993749856948853,0.003548762295395136,5.4381082009058446e-05,0.0005379982176236808,0.003522257786244154,0.0026167382020503283,0.01101243682205677,,,,,,,,,,,,
26,4149,1.0,1.0,1.0,1.0,0.996874988079071,0.9993749856948853,0.004669988062232733,0.0001101235393434763,0.0004567951546050608,0.007128473371267319,0.0031040229368954897,0.01255052350461483,,,,,,,,,,,,
26,4159,1.0,1.0,1.0,1.0,1.0,1.0,0.0031221325043588877,8.640180749353021e-05,0.0005265015061013401,0.004809774924069643,0.0022641210816800594,0.007923862896859646,,,,,,,,,,,,
26,4169,1.0,1.0,1.0,1.0,1.0,1.0,0.0035535001661628485,3.424421447562054e-05,0.0005092121427878737,0.0056672291830182076,0.002211066195741296,0.009345748461782932,,,,,,,,,,,,
26,4179,1.0,1.0,1.0,1.0,1.0,1.0,0.0031758106779307127,8.20392815512605e-05,0.0005083850119262934,0.005177574697881937,0.0021264960523694754,0.007984557189047337,,,,,,,,,,,,
26,4189,1.0,1.0,1.0,1.0,1.0,1.0,0.004287848249077797,2.992932786582969e-05,0.0006509871454909444,0.006748809479176998,0.003277532057836652,0.010731982998549938,,,,,,,,,,,,
26,4199,1.0,1.0,1.0,1.0,1.0,1.0,0.002693844260647893,0.00010779889998957515,0.00036074576200917363,0.0037973138969391584,0.0012927065836265683,0.007910655811429024,,,,,,,,,,,,
26,4209,1.0,1.0,1.0,1.0,1.0,1.0,0.003913261462002993,5.402605893323198e-05,0.00034920909092761576,0.00544878700748086,0.002114582108333707,0.011599702760577202,,,,,,,,,,,,
26,4219,1.0,1.0,1.0,1.0,1.0,1.0,0.004309517331421375,3.397470936761238e-05,0.0006142623024061322,0.006272416561841965,0.00498157599940896,0.009645356796681881,,,,,,,,,,,,
26,4229,1.0,1.0,1.0,1.0,0.9937500357627869,0.9987500309944153,0.004501173738390207,2.436704744468443e-05,0.0002607488422654569,0.00497282762080431,0.002576675731688738,0.014671249315142632,,,,,,,,,,,,
26,4238,,,,,,,,,,,,,0.9999599456787109,0.9983096718788147,0.9672802686691284,0.9711900353431702,0.9072598218917847,0.9687999486923218,0.10762722045183182,0.00037620641523972154,0.00820059236139059,0.11257883906364441,0.10710196942090988,0.30987846851348877
27,4239,1.0,1.0,1.0,1.0,1.0,1.0,0.002407796448096633,4.374197305878624e-05,0.00031347916228696704,0.004056645091623068,0.0016284430166706443,0.00599667290225625,,,,,,,,,,,,
27,4249,1.0,1.0,1.0,1.0,1.0,1.0,0.0035188121255487204,6.343053246382624e-05,0.0006724378908984363,0.004925889428704977,0.0014867412392050028,0.01044556125998497,,,,,,,,,,,,
27,4259,1.0,1.0,1.0,1.0,1.0,1.0,0.003261815756559372,6.379852129612118e-05,0.0003488132788334042,0.006466350052505732,0.002920956816524267,0.006509161088615656,,,,,,,,,,,,
27,4269,1.0,1.0,1.0,1.0,0.996874988079071,0.9993749856948853,0.003975318279117346,8.873583283275366e-05,0.0006910038064233959,0.0050931768491864204,0.002450769068673253,0.011552905663847923,,,,,,,,,,,,
27,4279,1.0,1.0,1.0,1.0,0.996874988079071,0.9993749856948853,0.002897070487961173,3.1431191018782556e-05,0.00033660486224107444,0.00378379481844604,0.0019809931982308626,0.008352527394890785,,,,,,,,,,,,
27,4289,1.0,1.0,1.0,1.0,1.0,1.0,0.0028307351749390364,0.00010392320109531283,0.000804424867965281,0.0041054850444197655,0.003182637970894575,0.005957203917205334,,,,,,,,,,,,
27,4299,1.0,1.0,1.0,1.0,1.0,1.0,0.0033442918211221695,4.091475057066418e-05,0.0006786134326830506,0.0054458919912576675,0.0030785405542701483,0.007477498613297939,,,,,,,,,,,,
27,4309,1.0,1.0,1.0,1.0,1.0,1.0,0.0036501064896583557,5.78285071242135e-05,0.00040894310222938657,0.004385504871606827,0.002838571323081851,0.01055968552827835,,,,,,,,,,,,
27,4319,1.0,1.0,1.0,1.0,1.0,1.0,0.002968813292682171,2.6450545192346908e-05,0.0005426603020168841,0.0045816474594175816,0.002831339603289962,0.006861968897283077,,,,,,,,,,,,
27,4329,1.0,1.0,1.0,1.0,1.0,1.0,0.0033684612717479467,3.786010347539559e-05,0.0006143599166534841,0.003354716347530484,0.0028372202068567276,0.009998148307204247,,,,,,,,,,,,
27,4339,1.0,1.0,1.0,1.0,1.0,1.0,0.003395588370040059,4.3278974771965295e-05,0.0004606175352819264,0.004081759136170149,0.0019616750068962574,0.010430610738694668,,,,,,,,,,,,
27,4349,1.0,1.0,1.0,1.0,1.0,1.0,0.004553611855953932,6.158809264888987e-05,0.0006255620392039418,0.00439365254715085,0.004280515946447849,0.013406740501523018,,,,,,,,,,,,
27,4359,1.0,1.0,1.0,1.0,1.0,1.0,0.002433591289445758,5.189875446376391e-05,0.0004877984174527228,0.004419482313096523,0.0018571296241134405,0.005351646803319454,,,,,,,,,,,,
27,4369,1.0,1.0,1.0,1.0,0.996874988079071,0.9993749856948853,0.005303151439875364,2.7948070055572316e-05,0.00042479849071241915,0.004591663368046284,0.0025690251495689154,0.01890232227742672,,,,,,,,,,,,
27,4379,1.0,1.0,1.0,1.0,1.0,1.0,0.003083843505010009,2.461445183143951e-05,0.00027628737734630704,0.005993128288537264,0.0015288891736418009,0.00759629812091589,,,,,,,,,,,,
27,4389,1.0,1.0,1.0,0.9937500357627869,1.0,0.9987500309944153,0.0032784175127744675,3.492534960969351e-05,0.00018054804240819067,0.002645429689437151,0.006767840590327978,0.006763344164937735,,,,,,,,,,,,
27,4395,,,,,,,,,,,,,0.9999199509620667,0.9973698854446411,0.9633299708366394,0.9693599939346313,0.9102200269699097,0.9680399894714355,0.11162782460451126,0.00044367415830492973,0.010415126569569111,0.12997634708881378,0.11601152271032333,0.30129241943359375
28,4399,1.0,1.0,1.0,0.996874988079071,0.996874988079071,0.9987500309944153,0.007259733974933624,4.165960126556456e-05,0.0004755015834234655,0.008329459466040134,0.008573757484555244,0.01887829229235649,,,,,,,,,,,,
28,4409,1.0,1.0,1.0,1.0,1.0,1.0,0.004072233568876982,8.802533557172865e-05,0.0003843222220893949,0.0060019828379154205,0.003243854967877269,0.01064298115670681,,,,,,,,,,,,
28,4419,1.0,1.0,0.996874988079071,0.996874988079071,1.0,0.9987500309944153,0.005751313641667366,3.7820507714059204e-05,0.0008461315301246941,0.010426762513816357,0.004449096973985434,0.01299675740301609,,,,,,,,,,,,
28,4429,1.0,1.0,1.0,1.0,1.0,1.0,0.0030562595929950476,3.065073542529717e-05,0.00046301446855068207,0.004746000282466412,0.002209907164797187,0.007831724360585213,,,,,,,,,,,,
28,4439,1.0,1.0,1.0,1.0,1.0,1.0,0.004513743799179792,2.2843201804789715e-05,0.0005720037734135985,0.00586449820548296,0.0030785324051976204,0.013030839152634144,,,,,,,,,,,,
28,4449,1.0,1.0,1.0,1.0,0.996874988079071,0.9993749856948853,0.004310722928494215,2.7782178221968934e-05,0.0009090330568142235,0.003534133778885007,0.0029873831663280725,0.01409528125077486,,,,,,,,,,,,
28,4459,1.0,1.0,1.0,1.0,1.0,1.0,0.0034091086126863956,3.573977664927952e-05,0.00041163773857988417,0.005837774369865656,0.0023083537817001343,0.0084520373493433,,,,,,,,,,,,
28,4469,1.0,1.0,1.0,1.0,0.996874988079071,0.9993749856948853,0.0036859072279185057,3.135838414891623e-05,0.0005098531837575138,0.005224368069320917,0.002367814537137747,0.010296140797436237,,,,,,,,,,,,
28,4479,1.0,1.0,1.0,1.0,1.0,1.0,0.003979791887104511,3.196055695298128e-05,0.0005213705007918179,0.006785289384424686,0.0031306736636906862,0.00942966528236866,,,,,,,,,,,,
28,4489,1.0,1.0,1.0,1.0,0.996874988079071,0.9993749856948853,0.003021404379978776,7.083760283421725e-05,0.000438049144577235,0.003313488559797406,0.0018933505052700639,0.009391295723617077,,,,,,,,,,,,
28,4499,1.0,1.0,1.0,1.0,1.0,1.0,0.0024939614813774824,2.9850169084966183e-05,0.00024192288401536644,0.0046113356947898865,0.003689668606966734,0.003897030372172594,,,,,,,,,,,,
28,4509,1.0,1.0,1.0,1.0,1.0,1.0,0.003281727433204651,5.0214981456520036e-05,0.000579069834202528,0.006543686147779226,0.0027026450261473656,0.0065330201759934425,,,,,,,,,,,,
28,4519,1.0,1.0,1.0,1.0,1.0,1.0,0.0021668863482773304,4.700553836300969e-05,0.0003295415372122079,0.0037728860042989254,0.001791201182641089,0.004893796984106302,,,,,,,,,,,,
28,4529,1.0,1.0,1.0,1.0,1.0,1.0,0.002923200372606516,3.963023846154101e-05,0.0008614918333478272,0.003221619874238968,0.0029107043519616127,0.007582555059343576,,,,,,,,,,,,
28,4539,1.0,1.0,1.0,1.0,1.0,1.0,0.002532162005081773,3.089345773332752e-05,0.0005163250607438385,0.002544812858104706,0.0015243343077600002,0.008044444024562836,,,,,,,,,,,,
28,4549,1.0,1.0,1.0,1.0,1.0,1.0,0.002250936347991228,2.514652987883892e-05,0.00041318670264445245,0.0029700584709644318,0.0021870688069611788,0.005659220274537802,,,,,,,,,,,,
28,4552,,,,,,,,,,,,,0.9998499751091003,0.9980697631835938,0.968769907951355,0.97257000207901,0.9145300984382629,0.9707579612731934,0.1058143600821495,0.0005176076083444059,0.007823057472705841,0.11233734339475632,0.1060054674744606,0.3023882508277893
29,4559,1.0,1.0,1.0,1.0,1.0,1.0,0.002710922621190548,3.727021248778328e-05,0.0005338012124411762,0.005128188524395227,0.001513914903625846,0.0063414378091692924,,,,,,,,,,,,
29,4569,1.0,1.0,1.0,1.0,1.0,1.0,0.002117565367370844,3.012085289810784e-05,0.00040533565334044397,0.003283954691141844,0.001748991897329688,0.005119423847645521,,,,,,,,,,,,
29,4579,1.0,1.0,1.0,1.0,1.0,1.0,0.0017125908052548766,2.329143535462208e-05,0.000362606457201764,0.0026810807175934315,0.0014738262398168445,0.004022149834781885,,,,,,,,,,,,
29,4589,1.0,1.0,1.0,1.0,1.0,1.0,0.0019820600282400846,8.68244533194229e-05,0.0005009151645936072,0.003317575203254819,0.0015020571881905198,0.0045029278844594955,,,,,,,,,,,,
29,4599,1.0,1.0,1.0,1.0,1.0,1.0,0.0035004119854420424,3.4084754588548094e-05,0.0003210153663530946,0.0053920019418001175,0.0020777317695319653,0.009677225723862648,,,,,,,,,,,,
29,4609,1.0,1.0,1.0,1.0,1.0,1.0,0.0035333193372935057,3.164271038258448e-05,0.00048386873095296323,0.0052702222019433975,0.0045122141018509865,0.007368649356067181,,,,,,,,,,,,
29,4619,1.0,1.0,1.0,1.0,1.0,1.0,0.002276321640238166,3.9131289668148383e-05,0.0006779670948162675,0.003809503745287657,0.0021225432865321636,0.004732462577521801,,,,,,,,,,,,
29,4629,1.0,1.0,1.0,1.0,1.0,1.0,0.002236527856439352,2.627536014188081e-05,0.00028458601445890963,0.004007290117442608,0.002159813651815057,0.004704673774540424,,,,,,,,,,,,
29,4639,1.0,1.0,1.0,1.0,0.996874988079071,0.9993749856948853,0.003797028213739395,2.787014818750322e-05,0.00033330998849123716,0.004175474867224693,0.0023041083477437496,0.012144378386437893,,,,,,,,,,,,
29,4649,1.0,1.0,1.0,1.0,1.0,1.0,0.0027029826305806637,3.76727148250211e-05,0.0002691750123631209,0.004381961189210415,0.001973619917407632,0.006852484308183193,,,,,,,,,,,,
29,4659,1.0,1.0,0.996874988079071,1.0,1.0,0.9993749856948853,0.003039308823645115,3.5029159334953874e-05,0.0002917132806032896,0.005667258985340595,0.002275136997923255,0.00692740548402071,,,,,,,,,,,,
29,4669,1.0,1.0,1.0,1.0,1.0,1.0,0.003356769448146224,3.3086445910157636e-05,0.0004762699827551842,0.004276403691619635,0.0018137742299586535,0.010184312239289284,,,,,,,,,,,,
29,4679,1.0,1.0,1.0,1.0,0.996874988079071,0.9993749856948853,0.003312717890366912,8.480790711473674e-05,0.0003314145724289119,0.005252941511571407,0.0025631128810346127,0.008331311866641045,,,,,,,,,,,,
29,4689,1.0,1.0,1.0,1.0,1.0,1.0,0.002651127753779292,3.1470208341488615e-05,0.00048697632155381143,0.003408699529245496,0.001708773197606206,0.007619719952344894,,,,,,,,,,,,
29,4699,1.0,1.0,1.0,1.0,1.0,1.0,0.0029571785125881433,5.4447329603135586e-05,0.00026116910157725215,0.005618528462946415,0.0023976273369044065,0.006454120390117168,,,,,,,,,,,,
29,4709,1.0,1.0,1.0,1.0,1.0,1.0,0.001551407971419394,1.2561305993585847e-05,0.0007358792936429381,0.0024131734389811754,0.0008813917520456016,0.003714033868163824,,,,,,,,,,,,
29,4709,,,,,,,,,,,,,0.9998798966407776,0.998389720916748,0.9700501561164856,0.9728097915649414,0.9199098944664001,0.9722080230712891,0.10124862194061279,0.00041771947871893644,0.007456207647919655,0.10727442055940628,0.10532782971858978,0.2857668697834015
30,4719,1.0,1.0,1.0,1.0,1.0,1.0,0.0029845910612493753,1.9676816009450704e-05,0.000475423876196146,0.0038128565065562725,0.00159385334700346,0.009021144360303879,,,,,,,,,,,,
30,4729,1.0,1.0,1.0,1.0,1.0,1.0,0.0014184213941916823,2.1298648789525032e-05,0.00020273157861083746,0.0015715847257524729,0.0010184755083173513,0.004278016276657581,,,,,,,,,,,,
30,4739,1.0,1.0,1.0,1.0,1.0,1.0,0.002236561616882682,8.960500417742878e-05,0.0002990701177623123,0.0032928441651165485,0.001891792519018054,0.005609495099633932,,,,,,,,,,,,
30,4749,1.0,1.0,1.0,1.0,1.0,1.0,0.0020375100430101156,1.8845366867026314e-05,0.00039954911335371435,0.002666408894583583,0.0009762121480889618,0.006126534193754196,,,,,,,,,,,,
30,4759,1.0,1.0,1.0,1.0,1.0,1.0,0.002439312869682908,4.795398490387015e-05,0.00045997818233445287,0.0035781979095190763,0.0025592795573174953,0.005551154259592295,,,,,,,,,,,,
30,4769,1.0,1.0,1.0,1.0,1.0,1.0,0.0018669702112674713,2.307621070940513e-05,0.00017841366934590042,0.002600181382149458,0.002015191363170743,0.004517987836152315,,,,,,,,,,,,
30,4779,1.0,1.0,1.0,1.0,1.0,1.0,0.002333828015252948,2.5579731300240383e-05,0.00026518822414800525,0.0026520672254264355,0.004062678664922714,0.004663627129048109,,,,,,,,,,,,
30,4789,1.0,1.0,1.0,1.0,1.0,1.0,0.0020936995279043913,1.43556699185865e-05,0.00018288777209818363,0.0031705270521342754,0.0016373194521293044,0.005463407374918461,,,,,,,,,,,,
30,4799,1.0,1.0,1.0,1.0,1.0,1.0,0.0019353668903931975,2.9097966034896672e-05,0.00030233224970288575,0.002799505600705743,0.0012533459812402725,0.005292552523314953,,,,,,,,,,,,
30,4809,1.0,1.0,1.0,1.0,1.0,1.0,0.002095160773023963,2.250897159683518e-05,0.00016561217489652336,0.003261005040258169,0.001669764518737793,0.00535691250115633,,,,,,,,,,,,
30,4819,1.0,1.0,1.0,1.0,1.0,1.0,0.002354888478294015,3.928061414626427e-05,0.0005484101711772382,0.002289671916514635,0.0017645107582211494,0.007132568396627903,,,,,,,,,,,,
30,4829,1.0,1.0,1.0,1.0,1.0,1.0,0.0022545536048710346,2.36930136452429e-05,0.00016686694289091974,0.00293163675814867,0.001640736823901534,0.006509833969175816,,,,,,,,,,,,
30,4839,1.0,1.0,1.0,1.0,1.0,1.0,0.0015617969911545515,2.2137193809612654e-05,0.00027458928525447845,0.0029028409626334906,0.0011388271814212203,0.0034705898724496365,,,,,,,,,,,,
30,4849,1.0,1.0,1.0,1.0,1.0,1.0,0.002118850825354457,2.683258571778424e-05,0.0002637646975927055,0.0032037831842899323,0.0009903089376166463,0.0061095645651221275,,,,,,,,,,,,
30,4859,1.0,1.0,1.0,1.0,1.0,1.0,0.002222726121544838,1.9873750716215e-05,0.0003370502672623843,0.0033787537831813097,0.0013024238869547844,0.00607552845031023,,,,,,,,,,,,
30,4866,,,,,,,,,,,,,0.9996899366378784,0.997789740562439,0.9686298966407776,0.9731399416923523,0.9193497896194458,0.9717200398445129,0.10499626398086548,0.0008405131520703435,0.009478679858148098,0.11249339580535889,0.10565619170665741,0.2965123951435089
31,4869,1.0,1.0,1.0,1.0,1.0,1.0,0.0017481510294601321,1.64899647643324e-05,0.000209253907087259,0.002507604891434312,0.00120643456466496,0.004800971131771803,,,,,,,,,,,,
31,4879,1.0,1.0,1.0,1.0,1.0,1.0,0.002761728363111615,2.3075304852682166e-05,0.00033931797952391207,0.0033768233843147755,0.0020042615942656994,0.008065163157880306,,,,,,,,,,,,
31,4889,1.0,1.0,1.0,1.0,1.0,1.0,0.001437417697161436,2.671328911674209e-05,0.00040272422484122217,0.0019965919200330973,0.0008920470136217773,0.0038690119981765747,,,,,,,,,,,,
31,4899,1.0,1.0,1.0,1.0,1.0,1.0,0.0013670880580320954,1.6785123079898767e-05,0.0002186174097005278,0.002194526605308056,0.0007622811826877296,0.003643229603767395,,,,,,,,,,,,
31,4909,1.0,1.0,1.0,1.0,1.0,1.0,0.0017947370652109385,4.8427133151562884e-05,0.0003012602392118424,0.002726067556068301,0.0017532110214233398,0.004144718870520592,,,,,,,,,,,,
31,4919,1.0,1.0,1.0,1.0,1.0,1.0,0.002356750424951315,1.7747408492141403e-05,0.00014458702935371548,0.002474430948495865,0.0021731010638177395,0.006973884999752045,,,,,,,,,,,,
31,4929,1.0,1.0,1.0,1.0,1.0,1.0,0.0025094368029385805,2.2548652850673534e-05,0.00015579882892780006,0.0037394005339592695,0.0012779280077666044,0.0073515078984200954,,,,,,,,,,,,
31,4939,1.0,1.0,1.0,1.0,1.0,1.0,0.0022456373553723097,3.344545257277787e-05,0.0002951432252302766,0.003655005246400833,0.0020692169200628996,0.005175376310944557,,,,,,,,,,,,
31,4949,1.0,1.0,1.0,1.0,1.0,1.0,0.0031984641682356596,4.242509021423757e-05,0.00037068285746499896,0.005091643426567316,0.005210354458540678,0.005277215037494898,,,,,,,,,,,,
31,4959,1.0,1.0,1.0,1.0,0.996874988079071,0.9993749856948853,0.0028223295230418444,1.657336179050617e-05,0.00021097224089317024,0.002609944436699152,0.002222280716523528,0.00905187614262104,,,,,,,,,,,,
31,4969,1.0,1.0,1.0,1.0,0.996874988079071,0.9993749856948853,0.003227484179660678,2.4262384613393806e-05,0.0003088482189923525,0.00306439446285367,0.0016389915253967047,0.01110092457383871,,,,,,,,,,,,
31,4979,1.0,1.0,1.0,1.0,1.0,1.0,0.0022221074905246496,1.7007183487294242e-05,0.00028978733462281525,0.0028767690528184175,0.001618536887690425,0.006308436393737793,,,,,,,,,,,,
31,4989,1.0,1.0,1.0,1.0,1.0,1.0,0.002222349401563406,2.0861096345470287e-05,0.0006543357158079743,0.0030468213371932507,0.0012245839461684227,0.006165144499391317,,,,,,,,,,,,
31,4999,1.0,1.0,1.0,1.0,1.0,1.0,0.001784147578291595,3.406190808163956e-05,0.0004342390166129917,0.0030156634747982025,0.0015367476735264063,0.0039000255055725574,,,,,,,,,,,,
31,5009,1.0,1.0,1.0,1.0,1.0,1.0,0.0017454583430662751,1.4313460269477218e-05,0.00021203994401730597,0.0035238470882177353,0.0009600169723853469,0.004017074126750231,,,,,,,,,,,,
31,5019,1.0,1.0,1.0,1.0,1.0,1.0,0.0021491528023034334,3.9285736420424655e-05,0.0008605353650636971,0.0020473236218094826,0.001604774035513401,0.00619384553283453,,,,,,,,,,,,
31,5023,,,,,,,,,,,,,0.9995298385620117,0.998279869556427,0.9675599932670593,0.9714799523353577,0.9138200283050537,0.9701338410377502,0.11200060695409775,0.0009728465229272842,0.00782707892358303,0.11973722279071808,0.11424721032381058,0.31721869111061096
32,5029,1.0,1.0,1.0,1.0,0.996874988079071,0.9993749856948853,0.002682165941223502,1.387656811857596e-05,0.0002604587934911251,0.0023501974064856768,0.0007834085263311863,0.010002887807786465,,,,,,,,,,,,
32,5039,1.0,1.0,1.0,1.0,1.0,1.0,0.0019855708815157413,0.00024815002689138055,0.0006078304722905159,0.0027785231359302998,0.0013647049199789762,0.0049286456778645515,,,,,,,,,,,,
32,5049,1.0,1.0,1.0,1.0,1.0,1.0,0.0033932921942323446,9.376248635817319e-05,0.0002696558949537575,0.0028635740745812654,0.0028859013691544533,0.010853566229343414,,,,,,,,,,,,
32,5059,1.0,1.0,1.0,1.0,0.996874988079071,0.9993749856948853,0.002191856736317277,1.7449170627514832e-05,0.0001628759055165574,0.0022237873636186123,0.0013003165367990732,0.007254854775965214,,,,,,,,,,,,
32,5069,1.0,1.0,1.0,1.0,0.996874988079071,0.9993749856948853,0.002434136113151908,1.901268115034327e-05,0.00022180475934874266,0.0034054506104439497,0.000927221670281142,0.007597190793603659,,,,,,,,,,,,
32,5079,1.0,1.0,1.0,1.0,1.0,1.0,0.002987043932080269,3.5841130738845095e-05,0.0004066321416758001,0.005339154042303562,0.002496700966730714,0.0066568912006914616,,,,,,,,,,,,
32,5089,1.0,1.0,1.0,1.0,1.0,1.0,0.0019688426982611418,1.9788241843343712e-05,0.000309626164380461,0.00257848366163671,0.00199871021322906,0.00493760546669364,,,,,,,,,,,,
32,5099,1.0,1.0,1.0,1.0,1.0,1.0,0.00227252091281116,1.636629349377472e-05,0.00015594593423884362,0.004236618522554636,0.0011786314425989985,0.0057750423438847065,,,,,,,,,,,,
32,5109,1.0,1.0,1.0,1.0,1.0,1.0,0.0020149461925029755,2.068677349598147e-05,0.00027780624805018306,0.002578908810392022,0.001225682906806469,0.005971646402031183,,,,,,,,,,,,
32,5119,1.0,1.0,1.0,1.0,1.0,1.0,0.0013280404964461923,1.980206070584245e-05,0.00022803522006142884,0.002449187682941556,0.0009338298696093261,0.0030093472450971603,,,,,,,,,,,,
32,5129,1.0,1.0,1.0,1.0,1.0,1.0,0.0022687800228595734,1.882425567600876e-05,0.00040123629150912166,0.0027224526274949312,0.002015601610764861,0.00618578540161252,,,,,,,,,,,,
32,5139,1.0,1.0,1.0,1.0,1.0,1.0,0.0018154316348955035,7.585748971905559e-05,0.00025895415456034243,0.00327125983312726,0.0015982224140316248,0.0038728644140064716,,,,,,,,,,,,
32,5149,1.0,1.0,1.0,1.0,1.0,1.0,0.0021526289638131857,3.135297811240889e-05,0.00026992306811735034,0.003767451737076044,0.002104917075484991,0.004589498974382877,,,,,,,,,,,,
32,5159,1.0,1.0,1.0,1.0,0.996874988079071,0.9993749856948853,0.003152865217998624,2.703168684092816e-05,0.0003602953802328557,0.0034865557681769133,0.0020311984699219465,0.009859244339168072,,,,,,,,,,,,
32,5169,1.0,1.0,1.0,1.0,1.0,1.0,0.0016696788370609283,2.996716102643404e-05,0.00018171918054576963,0.0019284164300188422,0.0011329209664836526,0.0050753699615597725,,,,,,,,,,,,
32,5179,1.0,1.0,1.0,1.0,1.0,1.0,0.002193255117163062,2.309169212821871e-05,0.00025879376335069537,0.0026533689815551043,0.0013188020093366504,0.006712218280881643,,,,,,,,,,,,
32,5180,,,,,,,,,,,,,0.9996297359466553,0.9979298710823059,0.9661498069763184,0.9726001620292664,0.9168899059295654,0.9706399440765381,0.11041124910116196,0.0011540136765688658,0.008783932775259018,0.1249784454703331,0.10583654046058655,0.3113032281398773
33,5189,1.0,1.0,1.0,1.0,1.0,1.0,0.001905863988213241,0.00012851212522946298,0.00035305097117088735,0.002268800511956215,0.0018465049797669053,0.00493245106190443,,,,,,,,,,,,
33,5199,1.0,1.0,1.0,1.0,1.0,1.0,0.0024346117861568928,0.00010469432163517922,0.0005117275868542492,0.00578739820048213,0.0017841350054368377,0.003985102754086256,,,,,,,,,,,,
33,5209,1.0,1.0,1.0,1.0,1.0,1.0,0.002670878544449806,2.0147013856330886e-05,0.00028762713191099465,0.002971284557133913,0.002559490967541933,0.007515843026340008,,,,,,,,,,,,
33,5219,1.0,1.0,1.0,1.0,1.0,1.0,0.0019049085676670074,2.4209073671954684e-05,0.0002829877194017172,0.0031261369585990906,0.0010488181142136455,0.005042391363531351,,,,,,,,,,,,
33,5229,1.0,1.0,1.0,1.0,1.0,1.0,0.0020970485638827085,2.234927160316147e-05,0.0003126355295535177,0.0044458345510065556,0.001932528568431735,0.0037718943785876036,,,,,,,,,,,,
33,5239,1.0,1.0,1.0,1.0,1.0,1.0,0.0018919560825452209,3.645625110948458e-05,0.00017534948710817844,0.004523999057710171,0.0019438937306404114,0.002780082169920206,,,,,,,,,,,,
33,5249,1.0,1.0,1.0,1.0,1.0,1.0,0.001852210029028356,1.5957262803567573e-05,0.00021576325525529683,0.0016952017322182655,0.0013068311382085085,0.006027297116816044,,,,,,,,,,,,
33,5259,1.0,1.0,1.0,1.0,1.0,1.0,0.002029917435720563,3.756644218810834e-05,0.0003090124228037894,0.0022075138986110687,0.003446372225880623,0.004149122163653374,,,,,,,,,,,,
33,5269,1.0,1.0,1.0,1.0,1.0,1.0,0.0015091572422534227,1.9361959857633337e-05,0.0002920803090091795,0.0014769963454455137,0.0014023466501384974,0.004355000797659159,,,,,,,,,,,,
33,5279,1.0,1.0,1.0,1.0,1.0,1.0,0.0015063289320096374,2.8393416869221255e-05,0.0003092398401349783,0.0023059346713125706,0.0010198259260505438,0.00386825087480247,,,,,,,,,,,,
33,5289,1.0,1.0,1.0,1.0,1.0,1.0,0.001461350591853261,1.6563290046178736e-05,0.0004372351395431906,0.0034196965862065554,0.0008544111624360085,0.0025788466446101665,,,,,,,,,,,,
33,5299,1.0,1.0,1.0,1.0,1.0,1.0,0.0012324958806857467,1.395221352140652e-05,0.00027838940150104463,0.0017121745040640235,0.0009652010048739612,0.0031927619129419327,,,,,,,,,,,,
33,5309,1.0,1.0,1.0,1.0,1.0,1.0,0.0020065726712346077,0.0001069232021109201,0.00032255816040560603,0.00333452969789505,0.0013839439488947392,0.004884908441454172,,,,,,,,,,,,
33,5319,1.0,1.0,1.0,1.0,1.0,1.0,0.0023767990060150623,0.0003494864795356989,0.001886887475848198,0.0035435662139207125,0.0011085710721090436,0.004995483439415693,,,,,,,,,,,,
33,5329,1.0,1.0,1.0,1.0,1.0,1.0,0.0012516533024609089,2.752006366790738e-05,0.00028750638011842966,0.0013791975798085332,0.0013779101427644491,0.0031861322931945324,,,,,,,,,,,,
33,5337,,,,,,,,,,,,,0.9996998906135559,0.9974197745323181,0.9709197878837585,0.9729099273681641,0.9198099374771118,0.9721522927284241,0.10508731007575989,0.0007254062220454216,0.01096985675394535,0.10823464393615723,0.1075643002986908,0.29794245958328247
34,5339,1.0,1.0,1.0,1.0,0.9937500357627869,0.9987500309944153,0.0029098389204591513,1.853147659858223e-05,0.0003477340505924076,0.002808673307299614,0.001135854865424335,0.010238399729132652,,,,,,,,,,,,
34,5349,1.0,1.0,1.0,1.0,1.0,1.0,0.0018292134627699852,1.6675499864504673e-05,0.00020543676509987563,0.0037981546483933926,0.000900696380995214,0.0042251041159033775,,,,,,,,,,,,
34,5359,1.0,1.0,1.0,1.0,1.0,1.0,0.0026446233969181776,3.5232216760050505e-05,0.0020650045480579138,0.00329348212108016,0.0009572460548952222,0.006872151978313923,,,,,,,,,,,,
34,5369,1.0,1.0,1.0,1.0,1.0,1.0,0.0025383159518241882,3.684930197778158e-05,0.00013399017916526645,0.004862865433096886,0.0007265011663548648,0.006931373383849859,,,,,,,,,,,,
34,5379,1.0,1.0,1.0,1.0,0.996874988079071,0.9993749856948853,0.0022378514986485243,1.8528591681388207e-05,0.00025068645481951535,0.0019290182972326875,0.0013335093390196562,0.007657515350729227,,,,,,,,,,,,
34,5389,1.0,1.0,1.0,1.0,1.0,1.0,0.0019811808597296476,4.860251647187397e-05,0.00022599248040933162,0.0028185625560581684,0.0019852896220982075,0.004827456548810005,,,,,,,,,,,,
34,5399,1.0,1.0,1.0,1.0,1.0,1.0,0.0013733085943385959,0.00010044655937235802,0.00030025653541088104,0.0015851535135880113,0.0016063842922449112,0.0032743022311478853,,,,,,,,,,,,
34,5409,1.0,1.0,1.0,1.0,1.0,1.0,0.0014096068916842341,1.3738319466938265e-05,0.0001633611973375082,0.001654365798458457,0.0009146782686002553,0.004301890730857849,,,,,,,,,,,,
34,5419,1.0,1.0,1.0,1.0,1.0,1.0,0.001485242391936481,1.3572194802691229e-05,0.00019553679157979786,0.001493940013460815,0.0011510465992614627,0.004572116304188967,,,,,,,,,,,,
34,5429,1.0,1.0,1.0,1.0,1.0,1.0,0.0013493694132193923,5.7015655329450965e-05,0.0002210742823081091,0.0016676351660862565,0.001000510761514306,0.003800611477345228,,,,,,,,,,,,
34,5439,1.0,1.0,1.0,1.0,1.0,1.0,0.0016874198336154222,1.0320934052288067e-05,0.00013537249469663948,0.002701667370274663,0.0010066989343613386,0.004583039321005344,,,,,,,,,,,,
34,5449,1.0,1.0,1.0,1.0,1.0,1.0,0.0019005917711183429,6.585016672033817e-05,0.00022402009926736355,0.0024537057615816593,0.0012531233951449394,0.005506259389221668,,,,,,,,,,,,
34,5459,1.0,1.0,1.0,1.0,1.0,1.0,0.00199489900842309,3.669381112558767e-05,0.00025722826831042767,0.002045200439170003,0.001410393277183175,0.006224978715181351,,,,,,,,,,,,
34,5469,1.0,1.0,1.0,1.0,1.0,1.0,0.0013882911298424006,1.97547378775198e-05,0.00016390602104365826,0.0023080953396856785,0.0015362349804490805,0.0029134645592421293,,,,,,,,,,,,
34,5479,1.0,1.0,1.0,1.0,1.0,1.0,0.0012519493466243148,2.2099397028796375e-05,0.0001962633104994893,0.0020343177020549774,0.0007546848501078784,0.003252381458878517,,,,,,,,,,,,
34,5489,1.0,1.0,0.996874988079071,1.0,1.0,0.9993749856948853,0.00266997329890728,2.836610292433761e-05,0.00028607933199964464,0.006741782184690237,0.0014852650929242373,0.004808374214917421,,,,,,,,,,,,
34,5494,,,,,,,,,,,,,0.999789834022522,0.9969999194145203,0.9658401608467102,0.9705500602722168,0.9192199110984802,0.9704800248146057,0.11536907404661179,0.0006906121852807701,0.01267150603234768,0.1292296200990677,0.12036226689815521,0.31389135122299194
35,5499,1.0,1.0,1.0,1.0,1.0,1.0,0.0014684542547911406,2.7892010621144436e-05,0.00014300618204288185,0.0023908058647066355,0.000972289009951055,0.003808278124779463,,,,,,,,,,,,
35,5509,1.0,1.0,1.0,1.0,1.0,1.0,0.0010212153429165483,1.3137791029294021e-05,0.00012407833128236234,0.0017639740835875273,0.000722309632692486,0.002482576761394739,,,,,,,,,,,,
35,5519,1.0,1.0,1.0,1.0,1.0,1.0,0.0010801622411236167,1.22516412375262e-05,0.00013873018906451762,0.002011738019064069,0.0012157587334513664,0.002022332511842251,,,,,,,,,,,,
35,5529,1.0,1.0,1.0,1.0,1.0,1.0,0.001293492503464222,1.3381652934185695e-05,0.00013312359806150198,0.0014127226313576102,0.000586334615945816,0.004321900196373463,,,,,,,,,,,,
35,5539,1.0,1.0,1.0,1.0,1.0,1.0,0.0023355234880000353,2.3930751922307536e-05,0.00022054945293348283,0.0035900468938052654,0.0013169065350666642,0.006526184268295765,,,,,,,,,,,,
35,5549,1.0,1.0,1.0,1.0,1.0,1.0,0.0015363142592832446,2.1026657123002224e-05,0.00036424113204702735,0.0022555701434612274,0.0007809483213350177,0.004259785171598196,,,,,,,,,,,,
35,5559,1.0,1.0,1.0,1.0,1.0,1.0,0.0013787588104605675,1.6797024727566168e-05,0.00013534125173464417,0.00273056048899889,0.00072741654003039,0.003283678786829114,,,,,,,,,,,,
35,5569,1.0,1.0,1.0,1.0,0.996874988079071,0.9993749856948853,0.002387456363067031,8.979981794254854e-05,0.0002181139134336263,0.0023846349213272333,0.001052621752023697,0.008192111738026142,,,,,,,,,,,,
35,5579,1.0,1.0,1.0,1.0,1.0,1.0,0.0017285706708207726,1.7071452020900324e-05,0.00023271786631084979,0.002546212635934353,0.0010183018166571856,0.0048285494558513165,,,,,,,,,,,,
35,5589,1.0,1.0,1.0,1.0,1.0,1.0,0.0007860739133320749,1.76716384885367e-05,0.00024336758360732347,0.0011533508077263832,0.000547488103620708,0.0019684915896505117,,,,,,,,,,,,
35,5599,1.0,1.0,1.0,1.0,1.0,1.0,0.0010441712802276015,3.6656005249824375e-05,0.00018689356511458755,0.001969002652913332,0.0008137755212374032,0.002214528853073716,,,,,,,,,,,,
35,5609,1.0,1.0,1.0,1.0,1.0,1.0,0.0012553733540698886,3.157661194563843e-05,0.00013210298493504524,0.0018037480767816305,0.0004327234928496182,0.003876715200021863,,,,,,,,,,,,
35,5619,1.0,1.0,1.0,1.0,1.0,1.0,0.0015337708173319697,4.3961365008726716e-05,0.0003429954231251031,0.0024635354056954384,0.0014245945494621992,0.003393766703084111,,,,,,,,,,,,
35,5629,1.0,1.0,1.0,1.0,0.996874988079071,0.9993749856948853,0.0035825916565954685,2.2080610506236553e-05,0.0003012696106452495,0.0017074409406632185,0.0018439119448885322,0.014038254506886005,,,,,,,,,,,,
35,5639,1.0,1.0,1.0,1.0,0.996874988079071,0.9993749856948853,0.0031651530880481005,1.4916457985236775e-05,0.00017070975445676595,0.004356481600552797,0.0017791541758924723,0.009504503570497036,,,,,,,,,,,,
35,5649,0.996874988079071,0.996874988079071,1.0,1.0,0.981249988079071,0.9950000047683716,0.018384883180260658,0.0026391157880425453,0.004192435182631016,0.007007739041000605,0.008403448387980461,0.06968167424201965,,,,,,,,,,,,
35,5651,,,,,,,,,,,,,0.9997098445892334,0.9976599216461182,0.9574200510978699,0.9656499624252319,0.8840100765228271,0.9608900547027588,0.15206176042556763,0.0008143155719153583,0.010281062684953213,0.15326815843582153,0.12927716970443726,0.46666809916496277
36,5659,1.0,0.996874988079071,0.9906250238418579,1.0,0.956250011920929,0.9887501001358032,0.04616331681609154,3.967610246036202e-05,0.005123297218233347,0.02606251835823059,0.0029922141693532467,0.1965988725423813,,,,,,,,,,,,
36,5669,1.0,1.0,0.981249988079071,1.0,0.9781250357627869,0.9918749928474426,0.021739261224865913,0.00011243685003137216,0.0005002708057872951,0.03834686800837517,0.007756870239973068,0.061979860067367554,,,,,,,,,,,,
36,5679,1.0,1.0,1.0,0.9937500357627869,0.9906250238418579,0.996874988079071,0.015402588061988354,8.770508429734036e-05,0.0019505791133269668,0.010572278872132301,0.02755093201994896,0.03685145080089569,,,,,,,,,,,,
36,5689,1.0,1.0,0.9906250238418579,1.0,0.9906250238418579,0.9962499737739563,0.01225221436470747,0.00010701760038500652,0.0008765470120124519,0.027741920202970505,0.0066300868056714535,0.02590549923479557,,,,,,,,,,,,
36,5699,1.0,0.996874988079071,1.0,0.996874988079071,0.9906250238418579,0.996874988079071,0.010991663672029972,0.0003461848828010261,0.013173447921872139,0.008914569392800331,0.00922259408980608,0.02330152317881584,,,,,,,,,,,,
36,5709,1.0,1.0,1.0,1.0,0.996874988079071,0.9993749856948853,0.005182642489671707,0.00012211887224111706,0.00048730577691458166,0.004622966982424259,0.005227233283221722,0.015453586354851723,,,,,,,,,,,,
36,5719,1.0,1.0,1.0,1.0,0.996874988079071,0.9993749856948853,0.004246545024216175,2.92399254249176e-05,0.0004991904133930802,0.005491678602993488,0.0022718070540577173,0.012940807268023491,,,,,,,,,,,,
36,5729,1.0,1.0,1.0,1.0,1.0,1.0,0.003627857891842723,5.6745309848338366e-05,0.0001969307631952688,0.007764832582324743,0.0018751767929643393,0.008245604112744331,,,,,,,,,,,,
36,5739,1.0,1.0,1.0,1.0,1.0,1.0,0.002459293929859996,2.9960530810058117e-05,0.0005922242999076843,0.003923183772712946,0.002764761447906494,0.004986340180039406,,,,,,,,,,,,
36,5749,1.0,1.0,1.0,1.0,1.0,1.0,0.001489200978539884,2.201397182943765e-05,0.0002323979279026389,0.0022979890927672386,0.001763130770996213,0.0031304731965065002,,,,,,,,,,,,
36,5759,1.0,1.0,1.0,1.0,0.996874988079071,0.9993749856948853,0.0027548104990273714,5.7767923863139004e-05,0.0006516713183373213,0.0028589407447725534,0.0010875678854063153,0.009118104353547096,,,,,,,,,,,,
36,5769,1.0,1.0,1.0,1.0,1.0,1.0,0.0022406410425901413,1.6829548258101568e-05,0.0003234760952182114,0.002319446299225092,0.0015993418637663126,0.006944111082702875,,,,,,,,,,,,
36,5779,1.0,1.0,1.0,1.0,1.0,1.0,0.002012602286413312,3.591198765207082e-05,0.0004358020960353315,0.002790502505376935,0.0014380400534719229,0.005362754687666893,,,,,,,,,,,,
36,5789,1.0,1.0,1.0,1.0,1.0,1.0,0.0015194531297311187,1.5377414456452243e-05,0.00027694483287632465,0.0025120216887444258,0.0009438979323022068,0.00384902348741889,,,,,,,,,,,,
36,5799,1.0,1.0,1.0,1.0,1.0,1.0,0.0018404092406854033,1.7688917068880983e-05,0.0001615767541807145,0.0030021490529179573,0.001007049111649394,0.005013582296669483,,,,,,,,,,,,
36,5808,,,,,,,,,,,,,0.9999799728393555,0.9992597699165344,0.9760599732398987,0.9797000288963318,0.9360699653625488,0.9782140254974365,0.08171650767326355,0.0001577655493747443,0.003484877524897456,0.0925450474023819,0.08121099323034286,0.23118393123149872
37,5809,1.0,1.0,1.0,1.0,1.0,1.0,0.001220158883370459,2.0780498743988574e-05,0.00021042997832410038,0.0024113638792186975,0.0009835675591602921,0.0024746523704379797,,,,,,,,,,,,
37,5819,1.0,1.0,1.0,1.0,1.0,1.0,0.0008568443590775132,1.2738810255541466e-05,0.0002552194055169821,0.0012853580992668867,0.0005065653240308166,0.0022243403363972902,,,,,,,,,,,,
37,5829,1.0,1.0,1.0,1.0,1.0,1.0,0.0014587175101041794,1.4161711078486405e-05,0.000171301158843562,0.0021273833699524403,0.0011979518458247185,0.0037827894557267427,,,,,,,,,,,,
37,5839,1.0,1.0,1.0,1.0,1.0,1.0,0.0011808981653302908,1.2986341971554793e-05,0.00011975962843280286,0.001901593990623951,0.0007468266994692385,0.0031233238987624645,,,,,,,,,,,,
37,5849,1.0,1.0,1.0,1.0,1.0,1.0,0.001131960772909224,2.5495721274637617e-05,0.0002679827739484608,0.001349522266536951,0.0009513838449493051,0.003065419150516391,,,,,,,,,,,,
37,5859,1.0,1.0,1.0,1.0,1.0,1.0,0.0011027274886146188,2.6404388336231932e-05,0.00021242098591756076,0.0015853757504373789,0.000720596348401159,0.0029688398353755474,,,,,,,,,,,,
37,5869,1.0,1.0,1.0,1.0,1.0,1.0,0.001257878029718995,1.4180193829815835e-05,0.00014472049952019006,0.0024029347114264965,0.0008418060024268925,0.0028857483994215727,,,,,,,,,,,,
37,5879,1.0,1.0,1.0,1.0,1.0,1.0,0.0014828589046373963,2.947667962871492e-05,0.00022247670858632773,0.0014094377402216196,0.0012414304073899984,0.0045114727690815926,,,,,,,,,,,,
37,5889,1.0,1.0,1.0,1.0,1.0,1.0,0.0009819421684369445,1.1289905160083435e-05,0.00015653706213925034,0.002128507010638714,0.000534587656147778,0.002078789519146085,,,,,,,,,,,,
37,5899,1.0,1.0,1.0,1.0,1.0,1.0,0.001516015618108213,1.468535356252687e-05,0.000251277961069718,0.002195910084992647,0.0010410936083644629,0.00407711137086153,,,,,,,,,,,,
37,5909,1.0,1.0,1.0,1.0,1.0,1.0,0.0010990501614287496,5.331395732355304e-05,0.00037793259252794087,0.0016767503693699837,0.0009314090711995959,0.0024558445438742638,,,,,,,,,,,,
37,5919,1.0,1.0,1.0,1.0,1.0,1.0,0.0014965878799557686,1.2333219274296425e-05,0.00023519500973634422,0.0016730718780308962,0.0013046071399003267,0.004257732070982456,,,,,,,,,,,,
37,5929,1.0,1.0,1.0,1.0,1.0,1.0,0.001013538334518671,1.133891328208847e-05,0.0002246446965727955,0.001863791374489665,0.0011032411130145192,0.0018646754324436188,,,,,,,,,,,,
37,5939,1.0,1.0,1.0,1.0,1.0,1.0,0.0012677310733124614,1.705949216557201e-05,0.0002282164932694286,0.001899912254884839,0.0010190521134063601,0.0031744148582220078,,,,,,,,,,,,
37,5949,1.0,1.0,1.0,1.0,1.0,1.0,0.0007537165656685829,2.1761237803730182e-05,0.0001232237264048308,0.0012603653594851494,0.0004975366173312068,0.0018656959291547537,,,,,,,,,,,,
37,5959,1.0,1.0,1.0,1.0,1.0,1.0,0.0011304354993626475,1.075649015547242e-05,0.00012474835966713727,0.0018403430003672838,0.0007000787300057709,0.00297625083476305,,,,,,,,,,,,
37,5965,,,,,,,,,,,,,0.9999899864196777,0.9990198016166687,0.9754700660705566,0.9792000651359558,0.9355100393295288,0.9778380393981934,0.08450565487146378,0.00011724766227416694,0.004480399657040834,0.0935511663556099,0.08816524595022202,0.23621420562267303
38,5969,1.0,1.0,1.0,1.0,1.0,1.0,0.0012134765274822712,4.132516187382862e-05,0.00017355589079670608,0.00180319813080132,0.001159246196039021,0.002890057396143675,,,,,,,,,,,,
38,5979,1.0,1.0,1.0,1.0,1.0,1.0,0.0011798384366557002,1.000291285890853e-05,9.455802501179278e-05,0.001577578135766089,0.0008635984850116074,0.003353454638272524,,,,,,,,,,,,
38,5989,1.0,1.0,1.0,1.0,1.0,1.0,0.0010705447057262063,1.5154745597101282e-05,0.0002095617528539151,0.0012487088097259402,0.0008503394201397896,0.003028958337381482,,,,,,,,,,,,
38,5999,1.0,1.0,1.0,1.0,1.0,1.0,0.000998313189484179,1.9142851670039818e-05,0.00011600095604080707,0.001363743795081973,0.001324244192801416,0.0021684339735656977,,,,,,,,,,,,
38,6009,1.0,1.0,1.0,1.0,1.0,1.0,0.0010748256463557482,2.1107745851622894e-05,0.00020752032287418842,0.0017585618188604712,0.001150389201939106,0.0022365485783666372,,,,,,,,,,,,
38,6019,1.0,1.0,1.0,1.0,1.0,1.0,0.0006683337851427495,1.1880227248184383e-05,0.00012056452396791428,0.0009856802644208074,0.0007139622466638684,0.001509581576101482,,,,,,,,,,,,
38,6029,1.0,1.0,1.0,1.0,1.0,1.0,0.0016469567781314254,2.5000161258503795e-05,0.00026011961745098233,0.0018506854539737105,0.0010720085119828582,0.005026970058679581,,,,,,,,,,,,
38,6039,1.0,1.0,1.0,1.0,0.9937500357627869,0.9987500309944153,0.003903266042470932,1.003221950668376e-05,0.0002221823378931731,0.0021005331072956324,0.0010748346103355289,0.016108747571706772,,,,,,,,,,,,
38,6049,1.0,1.0,1.0,1.0,1.0,1.0,0.0012203173246234655,1.5321467799367383e-05,0.00021951054804958403,0.0011268851812928915,0.0007334339316003025,0.004006435163319111,,,,,,,,,,,,
38,6059,1.0,1.0,1.0,1.0,1.0,1.0,0.0016697634709998965,5.543339648284018e-05,0.00021496911358553916,0.0014044394483789802,0.003171995747834444,0.0035019791685044765,,,,,,,,,,,,
38,6069,1.0,1.0,1.0,1.0,1.0,1.0,0.0011492110788822174,1.1479512977530248e-05,0.0001992203324334696,0.0015825830632820725,0.0009055763366632164,0.0030471961945295334,,,,,,,,,,,,
38,6079,1.0,1.0,1.0,1.0,1.0,1.0,0.0013049253029748797,1.3527946066460572e-05,0.0001964718831004575,0.00232199439778924,0.0008312606951221824,0.0031613714527338743,,,,,,,,,,,,
38,6089,1.0,1.0,1.0,1.0,1.0,1.0,0.0008377961930818856,9.941100870491937e-06,0.00012674579920712858,0.0012303844559937716,0.0005263104103505611,0.002295598853379488,,,,,,,,,,,,
38,6099,1.0,1.0,1.0,1.0,1.0,1.0,0.0007654663641005754,1.1118493603134993e-05,0.00014951617049518973,0.0011200730223208666,0.0007116986671462655,0.0018349254969507456,,,,,,,,,,,,
38,6109,1.0,1.0,1.0,1.0,1.0,1.0,0.0007384914206340909,1.0861589544219896e-05,0.0001010936830425635,0.0011552820215001702,0.0006040168227627873,0.0018212029244750738,,,,,,,,,,,,
38,6119,1.0,1.0,1.0,1.0,1.0,1.0,0.0008814303437247872,9.138695531873964e-06,0.00016990173025988042,0.001803733641281724,0.000566669856198132,0.0018577079754322767,,,,,,,,,,,,
38,6122,,,,,,,,,,,,,0.9999499320983887,0.998859703540802,0.9735798835754395,0.977219820022583,0.9301199913024902,0.9759458899497986,0.09264878183603287,0.00020747151575051248,0.005480652675032616,0.09995613247156143,0.0937042161822319,0.26389557123184204
39,6129,1.0,1.0,1.0,1.0,1.0,1.0,0.0007813887787051499,1.3957852388557512e-05,0.00020136179227847606,0.0011152919614687562,0.0006500342860817909,0.0019262975547462702,,,,,,,,,,,,
39,6139,1.0,1.0,1.0,1.0,1.0,1.0,0.0011475313222035766,1.3685424164577853e-05,0.00021568250667769462,0.0013187347212806344,0.001011544605717063,0.0031780097633600235,,,,,,,,,,,,
39,6149,1.0,1.0,1.0,1.0,1.0,1.0,0.0007959289359860122,1.6124780813697726e-05,0.0001935453328769654,0.0013869439717382193,0.0005679265595972538,0.0018151042750105262,,,,,,,,,,,,
39,6159,1.0,1.0,1.0,1.0,1.0,1.0,0.0009105542558245361,1.6145135305123404e-05,0.00010981864761561155,0.0018446150934323668,0.0005939293187111616,0.0019882633350789547,,,,,,,,,,,,
39,6169,1.0,1.0,1.0,1.0,1.0,1.0,0.0008503996068611741,1.0237844435323495e-05,9.613765723770484e-05,0.001370084355585277,0.0005909661413170397,0.0021845721639692783,,,,,,,,,,,,
39,6179,1.0,1.0,1.0,1.0,1.0,1.0,0.000959853467065841,1.0871109225263353e-05,0.00010924400703515857,0.0013851493131369352,0.0006097789737395942,0.0026842239312827587,,,,,,,,,,,,
39,6189,1.0,1.0,1.0,1.0,1.0,1.0,0.0008881295216269791,1.2465873624023516e-05,0.00019392094691284,0.001330652041360736,0.0006901387241668999,0.0022134699393063784,,,,,,,,,,,,
39,6199,1.0,1.0,1.0,1.0,1.0,1.0,0.0006593301077373326,1.2082573448424228e-05,0.00014193690731190145,0.001092032645829022,0.00039653416024520993,0.0016540642827749252,,,,,,,,,,,,
39,6209,1.0,1.0,1.0,1.0,1.0,1.0,0.000577655853703618,1.877736212918535e-05,0.00012151000555604696,0.001082114176824689,0.0006814128719270229,0.0009844648884609342,,,,,,,,,,,,
39,6219,1.0,1.0,1.0,1.0,1.0,1.0,0.0008528297767043114,6.25521206529811e-05,0.0002570321084931493,0.0010898855980485678,0.0005363167147152126,0.002318362472578883,,,,,,,,,,,,
39,6229,1.0,1.0,1.0,1.0,1.0,1.0,0.0011881903046742082,2.554238380980678e-05,9.772802877705544e-05,0.001620841445401311,0.0008469157037325203,0.003349923761561513,,,,,,,,,,,,
39,6239,1.0,1.0,1.0,1.0,1.0,1.0,0.0005710305995307863,9.88218562270049e-06,6.350803596433252e-05,0.0006625413079746068,0.0004084942920599133,0.0017107271123677492,,,,,,,,,,,,
39,6249,1.0,1.0,1.0,1.0,1.0,1.0,0.0008552227518521249,2.2905489458935335e-05,0.000108817417640239,0.0013585519045591354,0.0006328821182250977,0.0021529565565288067,,,,,,,,,,,,
39,6259,1.0,1.0,1.0,1.0,1.0,1.0,0.0007867522654123604,2.0909070371999405e-05,0.00011850589362438768,0.0016381905879825354,0.0006103345658630133,0.001545821549370885,,,,,,,,,,,,
39,6269,1.0,1.0,1.0,1.0,1.0,1.0,0.0005932112107984722,8.540777344023809e-06,7.894464943092316e-05,0.0007478134939447045,0.0004655883531086147,0.0016651686746627092,,,,,,,,,,,,
39,6279,1.0,1.0,1.0,1.0,1.0,1.0,0.0007865088409744203,9.849421985563822e-06,0.00010423777712276205,0.000978794414550066,0.0005152564262971282,0.002324405824765563,,,,,,,,,,,,
39,6279,,,,,,,,,,,,,0.9999699592590332,0.9988996386528015,0.9751700162887573,0.9782997369766235,0.9343998432159424,0.9773480892181396,0.08933870494365692,0.00017447448044549674,0.005255742464214563,0.09713491052389145,0.09251605719327927,0.25161245465278625
40,6289,1.0,1.0,1.0,1.0,1.0,1.0,0.0009455480030737817,1.1148731573484838e-05,8.045446156756952e-05,0.0011574075324460864,0.0007121937233023345,0.002766535384580493,,,,,,,,,,,,
40,6299,1.0,1.0,1.0,1.0,1.0,1.0,0.0014539113035425544,2.0921532268403098e-05,0.00016685514128766954,0.0024413676001131535,0.0007946830010041595,0.003845729399472475,,,,,,,,,,,,
40,6309,1.0,1.0,1.0,1.0,1.0,1.0,0.0006103351479396224,1.7075390132959e-05,0.00012508968939073384,0.0007816174766048789,0.0004984691040590405,0.001629423932172358,,,,,,,,,,,,
40,6319,1.0,1.0,1.0,1.0,1.0,1.0,0.0007376133580692112,1.2307391443755478e-05,0.00017143161676358432,0.0013397802831605077,0.00046930817188695073,0.0016952393343672156,,,,,,,,,,,,
40,6329,1.0,1.0,1.0,1.0,1.0,1.0,0.00083710573380813,1.4353216101881117e-05,0.0001437020837329328,0.0013725354801863432,0.0004257691034581512,0.0022291685454547405,,,,,,,,,,,,
40,6339,1.0,1.0,1.0,1.0,1.0,1.0,0.0008505169535055757,1.1896464457095135e-05,0.00019643476116470993,0.001153024728409946,0.0007341935997828841,0.002157035283744335,,,,,,,,,,,,
40,6349,1.0,1.0,1.0,1.0,1.0,1.0,0.0008218327420763671,1.4329883924801834e-05,0.00011836060002679005,0.001016081660054624,0.0008735835435800254,0.0020868079736828804,,,,,,,,,,,,
40,6359,1.0,1.0,1.0,1.0,1.0,1.0,0.000686021929141134,6.41968154013739e-06,0.00010481076606083661,0.0009438055567443371,0.0007435061270371079,0.0016315676039084792,,,,,,,,,,,,
40,6369,1.0,1.0,1.0,1.0,1.0,1.0,0.0006658503552898765,8.591026926296763e-06,9.951975516742095e-05,0.0012816928792744875,0.0005213457043282688,0.0014181022997945547,,,,,,,,,,,,
40,6379,1.0,1.0,1.0,1.0,1.0,1.0,0.001210759743116796,1.1652884495561011e-05,8.575574611313641e-05,0.0019569897558540106,0.0004024748341180384,0.0035969256423413754,,,,,,,,,,,,
40,6389,1.0,1.0,1.0,1.0,1.0,1.0,0.0011603886960074306,8.421882739639841e-06,0.0001762804895406589,0.001436385908164084,0.00042019569082185626,0.0037606596015393734,,,,,,,,,,,,
40,6399,1.0,1.0,1.0,1.0,1.0,1.0,0.0007462417124770582,2.0590539861586876e-05,7.734842802165076e-05,0.001168923219665885,0.00041414512088522315,0.0020502014085650444,,,,,,,,,,,,
40,6409,1.0,1.0,1.0,1.0,1.0,1.0,0.0010145193664357066,1.8289574654772878e-05,0.00017210273654200137,0.0012997363228350878,0.0007596759824082255,0.0028227916918694973,,,,,,,,,,,,
40,6419,1.0,1.0,1.0,1.0,1.0,1.0,0.0011149663478136063,1.8524933693697676e-05,0.00018618548347149044,0.0011455086059868336,0.001170929754152894,0.003053683089092374,,,,,,,,,,,,
40,6429,1.0,1.0,1.0,1.0,1.0,1.0,0.000659076205920428,4.017329047201201e-05,9.351188782602549e-05,0.0009388428297825158,0.0004359641170594841,0.0017868889262899756,,,,,,,,,,,,
40,6436,,,,,,,,,,,,,0.9999499320983887,0.9989897012710571,0.9756199717521667,0.9791800379753113,0.9342900514602661,0.9776059985160828,0.08859319239854813,0.00017316211597062647,0.005232029128819704,0.09492270648479462,0.09017167240381241,0.2524664103984833
41,6439,1.0,1.0,1.0,1.0,1.0,1.0,0.000624756736215204,9.298380064137746e-06,0.00010256118548568338,0.0008245689095929265,0.0004619664396159351,0.0017253884579986334,,,,,,,,,,,,
41,6449,1.0,1.0,1.0,1.0,1.0,1.0,0.0007332080276682973,7.870996341807768e-06,6.420652789529413e-05,0.0010473023867234588,0.0006441890727728605,0.001902471063658595,,,,,,,,,,,,
41,6459,1.0,1.0,1.0,1.0,1.0,1.0,0.0008227857179008424,1.1533506949490402e-05,0.00014501578698400408,0.0008651516400277615,0.0006508531514555216,0.0024413741193711758,,,,,,,,,,,,
41,6469,1.0,1.0,1.0,1.0,1.0,1.0,0.0007011836278252304,1.5822346540517174e-05,0.00012353455531410873,0.0011206306517124176,0.00040219732909463346,0.001843733130954206,,,,,,,,,,,,
41,6479,1.0,1.0,1.0,1.0,1.0,1.0,0.0008580523426644504,7.148310942284297e-06,0.00012378957762848586,0.0009995660511776805,0.0004390399844851345,0.0027207178063690662,,,,,,,,,,,,
41,6489,1.0,1.0,1.0,1.0,1.0,1.0,0.0008919425308704376,6.4114515225810464e-06,6.663544627372175e-05,0.001268866122700274,0.0007191469194367528,0.0023986524902284145,,,,,,,,,,,,
41,6499,1.0,1.0,1.0,1.0,1.0,1.0,0.0009200965869240463,9.09709524421487e-06,0.00011359865311533213,0.0015403949655592442,0.0008204007754102349,0.002116991439834237,,,,,,,,,,,,
41,6509,1.0,1.0,1.0,1.0,1.0,1.0,0.0008367765112780035,1.8250730136060156e-05,0.0002325961395399645,0.0012122339103370905,0.0008400014485232532,0.0018808001186698675,,,,,,,,,,,,
41,6519,1.0,1.0,1.0,1.0,1.0,1.0,0.000954262912273407,1.0187284715357237e-05,0.00015392861678265035,0.0010941452346742153,0.0007317845593206584,0.002781268674880266,,,,,,,,,,,,
41,6529,1.0,1.0,1.0,1.0,1.0,1.0,0.0004901703796349466,7.519272912759334e-06,0.00011186398478457704,0.0007732078083790839,0.0003997128806076944,0.0011585480533540249,,,,,,,,,,,,
41,6539,1.0,1.0,1.0,1.0,1.0,1.0,0.0005956951645202935,8.162520316545852e-06,0.00013365221093408763,0.0012149750255048275,0.00044662441359832883,0.0011750614503398538,,,,,,,,,,,,
41,6549,1.0,1.0,1.0,1.0,1.0,1.0,0.0008419426158070564,1.4503146303468384e-05,0.000123849677038379,0.001222694874741137,0.0006603336660191417,0.0021883314475417137,,,,,,,,,,,,
41,6559,1.0,1.0,1.0,1.0,1.0,1.0,0.0008471651235595345,9.17138640943449e-06,0.00011997570982202888,0.001020216615870595,0.0005062209093011916,0.002580240834504366,,,,,,,,,,,,
41,6569,1.0,1.0,1.0,1.0,1.0,1.0,0.0009832537034526467,4.024565714644268e-05,0.00014775589806959033,0.0014675422571599483,0.00038686045445501804,0.002873864257708192,,,,,,,,,,,,
41,6579,1.0,1.0,1.0,1.0,1.0,1.0,0.0005359227652661502,7.5827142609341536e-06,0.0001226362364832312,0.0007134579936973751,0.00048222223995253444,0.0013537144986912608,,,,,,,,,,,,
41,6589,1.0,1.0,1.0,1.0,1.0,1.0,0.0007050318527035415,8.6681484390283e-06,0.00011383763194316998,0.0011800951324403286,0.0005870507447980344,0.0016355076804757118,,,,,,,,,,,,
41,6593,,,,,,,,,,,,,0.9999599456787109,0.9983698129653931,0.9747797846794128,0.978969931602478,0.9347897171974182,0.9773738980293274,0.09107020497322083,0.0002078803809126839,0.00798351876437664,0.09736359119415283,0.09259460866451263,0.2572014629840851
42,6599,1.0,1.0,1.0,1.0,1.0,1.0,0.0006125259096734226,9.103201591642573e-06,0.00014317430031951517,0.0006289076409302652,0.0005973285296931863,0.001684115850366652,,,,,,,,,,,,
42,6609,1.0,1.0,1.0,1.0,1.0,1.0,0.0008669443777762353,9.173953912977595e-06,0.0001488053530920297,0.0013632657937705517,0.0006401960854418576,0.002173280343413353,,,,,,,,,,,,
42,6619,1.0,1.0,1.0,1.0,1.0,1.0,0.0006089707021601498,1.0680448212951887e-05,5.865639468538575e-05,0.0013506581308320165,0.0003363276773598045,0.001288530882447958,,,,,,,,,,,,
42,6629,1.0,1.0,1.0,1.0,1.0,1.0,0.0005761348875239491,1.4506917977996636e-05,7.343370816670358e-05,0.0008215921698138118,0.0004604787100106478,0.0015106628416106105,,,,,,,,,,,,
42,6639,1.0,1.0,1.0,1.0,1.0,1.0,0.0006012400262989104,1.3697625036002137e-05,9.781684639165178e-05,0.0008200089214369655,0.00045375287299975753,0.0016209238674491644,,,,,,,,,,,,
42,6649,1.0,1.0,1.0,1.0,1.0,1.0,0.0008707800297997892,4.697223994298838e-05,0.00016589861479587853,0.0015984035562723875,0.0005391062004491687,0.002003519330173731,,,,,,,,,,,,
42,6659,1.0,1.0,1.0,1.0,1.0,1.0,0.0005961271817795932,1.0476449460838921e-05,0.00015438270929735154,0.000894680037163198,0.0002890545583795756,0.0016320422291755676,,,,,,,,,,,,
42,6669,1.0,1.0,1.0,1.0,1.0,1.0,0.0010962170781567693,1.6412162949563935e-05,0.0003880619478877634,0.0008589088101871312,0.0013949740678071976,0.0028227283619344234,,,,,,,,,,,,
42,6679,1.0,1.0,1.0,1.0,1.0,1.0,0.0007135753403417766,9.862889783107676e-06,7.565940904896706e-05,0.0010337322019040585,0.0005123012815602124,0.0019363207975402474,,,,,,,,,,,,
42,6689,1.0,1.0,1.0,1.0,1.0,1.0,0.0006067715003155172,8.700430043973029e-06,7.108782301656902e-05,0.0007169747841544449,0.0003826396423391998,0.0018544545164331794,,,,,,,,,,,,
42,6699,1.0,1.0,1.0,1.0,1.0,1.0,0.0005322424694895744,7.830695722077508e-06,9.531017713015899e-05,0.0007466028910130262,0.00036923817242495716,0.0014422305393964052,,,,,,,,,,,,
42,6709,1.0,1.0,1.0,1.0,1.0,1.0,0.0007677566609345376,2.270442564622499e-05,9.333364141639322e-05,0.0010328396456316113,0.0005883225821889937,0.0021015829406678677,,,,,,,,,,,,
42,6719,1.0,1.0,1.0,1.0,1.0,1.0,0.0008185830083675683,3.51049930031877e-05,0.00016641094407532364,0.0017106684390455484,0.00045233601122163236,0.0017283943016082048,,,,,,,,,,,,
42,6729,1.0,1.0,1.0,1.0,1.0,1.0,0.0007172793848440051,1.5783169146743603e-05,8.04117662482895e-05,0.0011839796788990498,0.0005110489437356591,0.001795173273421824,,,,,,,,,,,,
42,6739,1.0,1.0,1.0,1.0,1.0,1.0,0.000489243830088526,1.718336352496408e-05,6.988441600697115e-05,0.0005543289589695632,0.0006984668434597552,0.0011063555721193552,,,,,,,,,,,,
42,6749,1.0,1.0,1.0,1.0,1.0,1.0,0.0005799928912892938,1.048625745170284e-05,0.00020852727175224572,0.0007832754636183381,0.00048007359146140516,0.001417601597495377,,,,,,,,,,,,
42,6750,,,,,,,,,,,,,0.9999099373817444,0.998809814453125,0.9746899008750916,0.9785900712013245,0.9339298009872437,0.9771860241889954,0.09154454618692398,0.00026900897501036525,0.00622370932251215,0.09907378256320953,0.09195175021886826,0.2602044641971588
43,6759,1.0,1.0,1.0,1.0,1.0,1.0,0.0005213444237597287,1.3311664588400163e-05,0.00013672816567122936,0.0009128569508902729,0.0004517447086982429,0.0010920804925262928,,,,,,,,,,,,
43,6769,1.0,1.0,1.0,1.0,1.0,1.0,0.0004566953575704247,6.4531909629295114e-06,8.956601232057437e-05,0.0006393942749127746,0.0002561002620495856,0.0012919631553813815,,,,,,,,,,,,
43,6779,1.0,1.0,1.0,1.0,1.0,1.0,0.0007209962350316346,9.54786992224399e-06,0.00010145639680558816,0.0010584431001916528,0.0005207608919590712,0.001914772903546691,,,,,,,,,,,,
43,6789,1.0,1.0,1.0,1.0,1.0,1.0,0.0007399830501526594,1.0239377843390685e-05,0.00022184634872246534,0.0010079096537083387,0.00044805309153161943,0.0020118667744100094,,,,,,,,,,,,
43,6799,1.0,1.0,1.0,1.0,1.0,1.0,0.0005208291113376617,6.840238256700104e-06,5.1002076361328363e-05,0.000590595998801291,0.0003278065996710211,0.0016279006376862526,,,,,,,,,,,,
43,6809,1.0,1.0,1.0,1.0,1.0,1.0,0.0007143303519114852,1.700409484328702e-05,0.00010568842117208987,0.001125552924349904,0.0004765125340782106,0.0018468936905264854,,,,,,,,,,,,
43,6819,1.0,1.0,1.0,1.0,1.0,1.0,0.0009544547647237778,6.206613761605695e-06,8.935639198170975e-05,0.001354064792394638,0.000558124971576035,0.002764521399512887,,,,,,,,,,,,
43,6829,1.0,1.0,1.0,1.0,1.0,1.0,0.0007628282182849944,8.21474714030046e-06,0.00015201527276076376,0.0010177104268223047,0.0005249141831882298,0.0021112863905727863,,,,,,,,,,,,
43,6839,1.0,1.0,1.0,1.0,1.0,1.0,0.000484787073219195,8.561632057535462e-06,5.607360435533337e-05,0.0008168708300217986,0.00034412037348374724,0.0011983088916167617,,,,,,,,,,,,
43,6849,1.0,1.0,1.0,1.0,1.0,1.0,0.0008264073403552175,9.579523975844495e-06,8.803801756585017e-05,0.0014075106009840965,0.0005327734397724271,0.0020941351540386677,,,,,,,,,,,,
43,6859,1.0,1.0,1.0,1.0,1.0,1.0,0.0006810016930103302,1.2324385352258105e-05,7.770039519527927e-05,0.0009101470932364464,0.00040696142241358757,0.0019978752825409174,,,,,,,,,,,,
43,6869,1.0,1.0,1.0,1.0,1.0,1.0,0.0006872817175462842,2.387621861998923e-05,7.274688687175512e-05,0.0007478641928173602,0.0005282692145556211,0.0020636520348489285,,,,,,,,,,,,
43,6879,1.0,1.0,1.0,1.0,1.0,1.0,0.00061449920758605,5.814725227537565e-06,8.01386559032835e-05,0.0010582503164187074,0.00040644401451572776,0.0015218483749777079,,,,,,,,,,,,
43,6889,1.0,1.0,1.0,1.0,1.0,1.0,0.0006742599653080106,1.0672870303096715e-05,9.98804098344408e-05,0.0009676202316768467,0.0005897814407944679,0.0017033446347340941,,,,,,,,,,,,
43,6899,1.0,1.0,1.0,1.0,1.0,1.0,0.0006700145895592868,1.3838939594279509e-05,0.00012809355393983424,0.0008964496664702892,0.0004180181713309139,0.0018936725100502372,,,,,,,,,,,,
43,6907,,,,,,,,,,,,,0.9999799728393555,0.9987897276878357,0.9755598902702332,0.9789199829101562,0.9361599087715149,0.9778820872306824,0.08967716991901398,0.0001496479962952435,0.006198159884661436,0.09711891412734985,0.09107080101966858,0.25384822487831116
44,6909,1.0,1.0,1.0,1.0,1.0,1.0,0.0005287024541758001,1.2951783901371527e-05,0.00013664447760675102,0.0005850991583429277,0.00040855290717445314,0.0015002640429884195,,,,,,,,,,,,
44,6919,1.0,1.0,1.0,1.0,1.0,1.0,0.00047145719872787595,9.111779945669696e-06,7.655689842067659e-05,0.0008586572366766632,0.0003282124816905707,0.0010847474914044142,,,,,,,,,,,,
44,6929,1.0,1.0,1.0,1.0,1.0,1.0,0.0006896864506416023,2.0716397557407618e-05,0.00013085329555906355,0.001258325413800776,0.0004778518923558295,0.0015606849920004606,,,,,,,,,,,,
44,6939,1.0,1.0,1.0,1.0,1.0,1.0,0.0007000165060162544,4.279354470781982e-05,0.0001157647930085659,0.0011492313351482153,0.0003884826728608459,0.0018038100097328424,,,,,,,,,,,,
44,6949,1.0,1.0,1.0,1.0,1.0,1.0,0.0005296109593473375,8.09656467026798e-06,0.00011453022307250649,0.0005458706873469055,0.0005314939189702272,0.0014480632962659001,,,,,,,,,,,,
44,6959,1.0,1.0,1.0,1.0,1.0,1.0,0.0006080522434785962,5.894419246033067e-06,0.00010334212856832892,0.0011000410886481404,0.00034758783294819295,0.0014833954628556967,,,,,,,,,,,,
44,6969,1.0,1.0,1.0,1.0,1.0,1.0,0.0005332996370270848,8.311104465974495e-06,0.00010246199963148683,0.0010289365891367197,0.0004049385024700314,0.001121849985793233,,,,,,,,,,,,
44,6979,1.0,1.0,1.0,1.0,1.0,1.0,0.0006398325203917921,6.9872521635261364e-06,9.29849484236911e-05,0.0008444219711236656,0.00035550090251490474,0.001899267197586596,,,,,,,,,,,,
44,6989,1.0,1.0,1.0,1.0,1.0,1.0,0.0008459106902591884,1.1815740435849875e-05,8.030324534047395e-05,0.0010399764869362116,0.0006310775643214583,0.002466380363330245,,,,,,,,,,,,
44,6999,1.0,1.0,1.0,1.0,1.0,1.0,0.0006582605419680476,6.985464096942451e-06,0.00010723665036493912,0.0008628822979517281,0.000515371619258076,0.001798826502636075,,,,,,,,,,,,
44,7009,1.0,1.0,1.0,1.0,1.0,1.0,0.0005106648313812912,6.295107596088201e-06,0.00010787513019749895,0.0006918715662322938,0.0005985860479995608,0.0011486962903290987,,,,,,,,,,,,
44,7019,1.0,1.0,1.0,1.0,1.0,1.0,0.0007983709801919758,8.044860805966891e-06,7.621560507686809e-05,0.0007519471109844744,0.00041019910713657737,0.0027454481460154057,,,,,,,,,,,,
44,7029,1.0,1.0,1.0,1.0,1.0,1.0,0.0005219178856350482,1.3328443856153172e-05,0.00013094881433062255,0.000989248277619481,0.0003099766909144819,0.0011660871095955372,,,,,,,,,,,,
44,7039,1.0,1.0,1.0,1.0,1.0,1.0,0.0005068866885267198,8.605970833741594e-06,0.00011616376286838204,0.0006351082702167332,0.0003863195306621492,0.001388235716149211,,,,,,,,,,,,
44,7049,1.0,1.0,1.0,1.0,1.0,1.0,0.0005076568922959268,2.302446955582127e-05,5.98654369241558e-05,0.0008014937047846615,0.00033138494472950697,0.001322516007348895,,,,,,,,,,,,
44,7059,1.0,1.0,1.0,1.0,1.0,1.0,0.0005454829079099,2.4452845536870882e-05,8.78693099366501e-05,0.0007816528668627143,0.0002597020356915891,0.0015737374778836966,,,,,,,,,,,,
44,7064,,,,,,,,,,,,,0.9998299479484558,0.998569905757904,0.9734800457954407,0.9774999618530273,0.930600106716156,0.9759958982467651,0.09780789911746979,0.0005289820837788284,0.006839093752205372,0.10608424246311188,0.0968857929110527,0.27870142459869385
45,7069,1.0,1.0,1.0,1.0,1.0,1.0,0.00045526071335189044,9.939800293068402e-06,8.384905231650919e-05,0.0008506638696417212,0.00033914201776497066,0.0009927087230607867,,,,,,,,,,,,
45,7079,1.0,1.0,1.0,1.0,1.0,1.0,0.000525203940924257,6.45951013211743e-06,6.195496825966984e-05,0.0008899818058125675,0.0006262363167479634,0.0010413869749754667,,,,,,,,,,,,
45,7089,1.0,1.0,1.0,1.0,1.0,1.0,0.0006014186656102538,2.6308387532480992e-05,0.00011701961193466559,0.0007239464903250337,0.0004905237583443522,0.0016492949798703194,,,,,,,,,,,,
45,7099,1.0,1.0,1.0,1.0,1.0,1.0,0.0004935372853651643,5.047699232818559e-06,9.176201274385676e-05,0.0011856837663799524,0.00021582860790658742,0.0009693641331978142,,,,,,,,,,,,
45,7109,1.0,1.0,1.0,1.0,1.0,1.0,0.0005418248474597931,2.0530016627162695e-05,6.536323780892417e-05,0.0008491179905831814,0.0004294610698707402,0.0013446517987176776,,,,,,,,,,,,
45,7119,1.0,1.0,1.0,1.0,1.0,1.0,0.0005438369698822498,8.096754754660651e-06,7.000014011282474e-05,0.0006849613273516297,0.00041282904567196965,0.001543297665193677,,,,,,,,,,,,
45,7129,1.0,1.0,1.0,1.0,1.0,1.0,0.0006256368360482156,8.004668416106142e-06,8.438206714345142e-05,0.0006512707332149148,0.0004576689098030329,0.0019268577452749014,,,,,,,,,,,,
45,7139,1.0,1.0,1.0,1.0,1.0,1.0,0.0006608361145481467,5.546845841308823e-06,7.997356442501768e-05,0.0007599862292408943,0.0003428418713156134,0.002115831943228841,,,,,,,,,,,,
45,7149,1.0,1.0,1.0,1.0,1.0,1.0,0.0006613939185626805,3.965026553487405e-05,0.0001497437187936157,0.0008566010510548949,0.0005251987022347748,0.0017357757315039635,,,,,,,,,,,,
45,7159,1.0,1.0,1.0,1.0,1.0,1.0,0.00046378280967473984,6.810299055359792e-06,6.52947201160714e-05,0.0007518331985920668,0.0003653712337836623,0.0011296045267954469,,,,,,,,,,,,
45,7169,1.0,1.0,1.0,1.0,1.0,1.0,0.0004167256993241608,6.378452326316619e-06,5.482645792653784e-05,0.0005380230722948909,0.0003711619065143168,0.0011132386280223727,,,,,,,,,,,,
45,7179,1.0,1.0,1.0,1.0,1.0,1.0,0.0005795583128929138,1.3511913493857719e-05,7.83788927947171e-05,0.001140313921496272,0.0003012939414475113,0.0013642930425703526,,,,,,,,,,,,
45,7189,1.0,1.0,1.0,1.0,1.0,1.0,0.0010591130703687668,1.7091686459025368e-05,9.952699474524707e-05,0.0022815284319221973,0.0005327903782017529,0.0023646282497793436,,,,,,,,,,,,
45,7199,1.0,1.0,1.0,1.0,1.0,1.0,0.00047885390813462436,6.907194801897276e-06,7.579561497550458e-05,0.0005704351933673024,0.00023815668828319758,0.0015029747737571597,,,,,,,,,,,,
45,7209,1.0,1.0,1.0,1.0,1.0,1.0,0.00042648427188396454,1.8006581740337424e-05,6.836796819698066e-05,0.0005726211820729077,0.0002852222532965243,0.0011882033431902528,,,,,,,,,,,,
45,7219,1.0,1.0,1.0,1.0,1.0,1.0,0.0005115472013130784,8.745102604734711e-06,0.00010620865214150399,0.0008243547636084259,0.0005489402101375163,0.0010694871889427304,,,,,,,,,,,,
45,7221,,,,,,,,,,,,,0.9999299049377441,0.9977298378944397,0.9723101854324341,0.9770400524139404,0.9282701015472412,0.9750561118125916,0.10360588133335114,0.00024987501092255116,0.010069780051708221,0.10938295722007751,0.10359254479408264,0.2947342097759247
46,7229,1.0,1.0,1.0,1.0,1.0,1.0,0.000641367572825402,8.019607776077464e-06,9.517539001535624e-05,0.0009574341820552945,0.0006671617738902569,0.001479047117754817,,,,,,,,,,,,
46,7239,1.0,1.0,1.0,1.0,1.0,1.0,0.0003595714224502444,6.6598331613931805e-06,4.462125798454508e-05,0.0004925262182950974,0.00020155080710537732,0.0010524990502744913,,,,,,,,,,,,
46,7249,1.0,1.0,1.0,1.0,1.0,1.0,0.0007680014823563397,0.00016500873607583344,0.00020629330538213253,0.0008156053954735398,0.0005097995745018125,0.0021433003712445498,,,,,,,,,,,,
46,7259,1.0,1.0,1.0,1.0,1.0,1.0,0.0006108710076659918,9.217610568157397e-06,6.864845636300743e-05,0.0005350777646526694,0.00045756911276839674,0.0019838421139866114,,,,,,,,,,,,
46,7269,1.0,1.0,1.0,1.0,1.0,1.0,0.0004934772150591016,2.583129025879316e-05,8.901298861019313e-05,0.0005854472983628511,0.0003711348690558225,0.0013959594070911407,,,,,,,,,,,,
46,7279,1.0,1.0,1.0,1.0,1.0,1.0,0.0004020160995423794,7.90542435424868e-06,0.00010914461745414883,0.0006231614388525486,0.0003047686186619103,0.0009651004220359027,,,,,,,,,,,,
46,7289,1.0,1.0,1.0,1.0,1.0,1.0,0.0015411247732117772,0.0003024691541213542,0.0005006099818274379,0.0009672604501247406,0.0012307500001043081,0.004704534076154232,,,,,,,,,,,,
46,7299,1.0,1.0,1.0,1.0,1.0,1.0,0.0017264512134715915,1.0292102160747163e-05,0.0003441602748353034,0.0028946916572749615,0.0009091065148822963,0.004474005661904812,,,,,,,,,,,,
46,7309,1.0,0.996874988079071,1.0,0.996874988079071,0.9781250357627869,0.9943750500679016,0.016657648608088493,0.00029165548039600253,0.003576049581170082,0.0031166435219347477,0.006242566276341677,0.0700613260269165,,,,,,,,,,,,
46,7319,1.0,0.996874988079071,0.9906250238418579,0.996874988079071,0.981249988079071,0.9931250810623169,0.01803053729236126,9.409083577338606e-05,0.007982936687767506,0.02473265677690506,0.01470936369150877,0.04263363033533096,,,,,,,,,,,,
46,7329,1.0,0.9937500357627869,0.981249988079071,1.0,0.953125,0.9856250882148743,0.043434154242277145,2.7359987143427134e-05,0.005232706665992737,0.06447777152061462,0.004067195579409599,0.143365740776062,,,,,,,,,,,,
46,7339,1.0,1.0,1.0,1.0,0.9750000238418579,0.9950000047683716,0.0127383042126894,0.00021828753233421594,0.0011262512998655438,0.012542513199150562,0.006637108977884054,0.0431673601269722,,,,,,,,,,,,
46,7349,1.0,1.0,0.996874988079071,1.0,0.987500011920929,0.996874988079071,0.013599094934761524,2.7882182621397078e-05,0.00032682137680239975,0.010279242880642414,0.009702997282147408,0.0476585328578949,,,,,,,,,,,,
46,7359,1.0,1.0,0.996874988079071,0.9937500357627869,0.996874988079071,0.9975000619888306,0.008733155205845833,4.8727823013905436e-05,0.0008298110915347934,0.015257030725479126,0.013887678273022175,0.013642525300383568,,,,,,,,,,,,
46,7369,1.0,1.0,0.996874988079071,1.0,0.984375,0.9962499737739563,0.016358757391572,0.00016303536540362984,0.0004426050581969321,0.012583376839756966,0.004295398481190205,0.06430937349796295,,,,,,,,,,,,
46,7378,,,,,,,,,,,,,0.9990397095680237,0.9952799677848816,0.9660199880599976,0.9681398868560791,0.9137598872184753,0.9684481024742126,0.11650200188159943,0.0025319415144622326,0.020700784400105476,0.12749497592449188,0.1233619749546051,0.3084203600883484
47,7379,1.0,1.0,1.0,1.0,0.996874988079071,0.9993749856948853,0.0048689632676541805,3.138717875117436e-05,0.001253067865036428,0.004500841721892357,0.0016017782036215067,0.016957741230726242,,,,,,,,,,,,
47,7389,1.0,1.0,1.0,1.0,0.996874988079071,0.9993749856948853,0.0038381048943847418,9.996523658628576e-06,0.00017032229516189545,0.003457003738731146,0.001737196696922183,0.013816004619002342,,,,,,,,,,,,
47,7399,1.0,1.0,1.0,1.0,0.996874988079071,0.9993749856948853,0.003386495402082801,2.5128136257990263e-05,0.00037437904393300414,0.002005445770919323,0.0029439579229801893,0.01158356573432684,,,,,,,,,,,,
47,7409,1.0,1.0,1.0,1.0,1.0,1.0,0.0013831999385729432,3.116601874353364e-05,0.00022678208188153803,0.0018295559566468,0.000985134276561439,0.003843361046165228,,,,,,,,,,,,
47,7419,1.0,1.0,1.0,1.0,1.0,1.0,0.0016066518146544695,0.0002693576388992369,0.0005706193624064326,0.001981117529794574,0.0011402826057747006,0.00407188106328249,,,,,,,,,,,,
47,7429,1.0,1.0,1.0,1.0,1.0,1.0,0.0017714046407490969,5.210029848967679e-05,0.00018182070925831795,0.002885154914110899,0.0017418883508071303,0.0039960588328540325,,,,,,,,,,,,
47,7439,1.0,1.0,1.0,1.0,1.0,1.0,0.0010851549450308084,2.1081747036078013e-05,0.0001713080273475498,0.002348820213228464,0.0006489503430202603,0.0022356142289936543,,,,,,,,,,,,
47,7449,1.0,1.0,1.0,1.0,1.0,1.0,0.0011597191914916039,1.5143998098210432e-05,0.0004174655769020319,0.0024855895899236202,0.000942582730203867,0.0019378138240426779,,,,,,,,,,,,
47,7459,1.0,1.0,1.0,1.0,1.0,1.0,0.0009246134432032704,1.1408758837205824e-05,0.00022282658028416336,0.0018246236722916365,0.0005057212547399104,0.002058486919850111,,,,,,,,,,,,
47,7469,1.0,1.0,1.0,1.0,1.0,1.0,0.0009753825142979622,1.1399331924621947e-05,0.0001758771250024438,0.001147861941717565,0.00037771527422592044,0.0031640585511922836,,,,,,,,,,,,
47,7479,1.0,1.0,1.0,1.0,1.0,1.0,0.0007179073872976005,1.1340763194311876e-05,8.864322444424033e-05,0.0008907737210392952,0.0009501841850578785,0.0016485952073708177,,,,,,,,,,,,
47,7489,1.0,1.0,1.0,1.0,1.0,1.0,0.0007471002754755318,1.4433538126468193e-05,0.0001739510626066476,0.0010924956295639277,0.0005582228186540306,0.0018963983748108149,,,,,,,,,,,,
47,7499,1.0,1.0,1.0,1.0,1.0,1.0,0.0007026882376521826,1.853521098382771e-05,0.00014866614947095513,0.0009526812355034053,0.0005032868939451873,0.001890271669253707,,,,,,,,,,,,
47,7509,1.0,1.0,1.0,1.0,1.0,1.0,0.0007111771265044808,1.2523039004008751e-05,0.00013624508574139327,0.0008419275400228798,0.0003517783188726753,0.0022134114988148212,,,,,,,,,,,,
47,7519,1.0,1.0,1.0,1.0,1.0,1.0,0.0007814938435330987,1.788408735592384e-05,0.00016675217193551362,0.0009185063536278903,0.0008337607723660767,0.0019705654121935368,,,,,,,,,,,,
47,7529,1.0,1.0,1.0,1.0,1.0,1.0,0.0010938856285065413,2.0624929675250314e-05,0.00018130922398995608,0.0010134050389751792,0.0006719800876453519,0.0035821087658405304,,,,,,,,,,,,
47,7535,,,,,,,,,,,,,0.9999699592590332,0.9991896748542786,0.9788999557495117,0.98294997215271,0.9432399868965149,0.9808500409126282,0.07752437889575958,0.00013901996135246009,0.0035986430011689663,0.08723019063472748,0.07851172983646393,0.2181423306465149
48,7539,1.0,1.0,1.0,1.0,1.0,1.0,0.0004912533913739026,1.1395538422220852e-05,9.809969924390316e-05,0.0005769208655692637,0.0006071216193959117,0.0011627291096374393,,,,,,,,,,,,
48,7549,1.0,1.0,1.0,1.0,1.0,1.0,0.0009571224800311029,1.614394386706408e-05,0.0001494960451964289,0.0016895259032025933,0.0008167889900505543,0.00211365707218647,,,,,,,,,,,,
48,7559,1.0,1.0,1.0,1.0,1.0,1.0,0.0008599100983701646,1.0647026101651136e-05,0.0001325911725871265,0.0010426075896248221,0.0007813805714249611,0.002332323929294944,,,,,,,,,,,,
48,7569,1.0,1.0,1.0,1.0,1.0,1.0,0.0009975259890779853,1.0514347195567098e-05,0.00011347120016580448,0.000834013510029763,0.0005395738407969475,0.0034900568425655365,,,,,,,,,,,,
48,7579,1.0,1.0,1.0,1.0,1.0,1.0,0.0006975196301937103,1.4694298442918807e-05,0.00016313263040501624,0.001092232996597886,0.0006133636343292892,0.0016041746130213141,,,,,,,,,,,,
48,7589,1.0,1.0,1.0,1.0,1.0,1.0,0.0005543373408727348,2.0063913325429894e-05,6.957913137739524e-05,0.0012891541700810194,0.00030302797676995397,0.0010898615000769496,,,,,,,,,,,,
48,7599,1.0,1.0,1.0,1.0,1.0,1.0,0.0006412302027456462,1.3369458429224323e-05,0.0001397114247083664,0.0007511295261792839,0.0005651565152220428,0.0017367841210216284,,,,,,,,,,,,
48,7609,1.0,1.0,1.0,1.0,1.0,1.0,0.0005105628515593708,1.2869269994553179e-05,0.00014362185902427882,0.0007748004281893373,0.0004176862130407244,0.0012038364075124264,,,,,,,,,,,,
48,7619,1.0,1.0,1.0,1.0,1.0,1.0,0.0008170236251316965,1.6063169823610224e-05,0.00016721645079087466,0.0010970324510708451,0.0006487608188763261,0.0021560448221862316,,,,,,,,,,,,
48,7629,1.0,1.0,1.0,1.0,1.0,1.0,0.0005020113312639296,1.2292612154851668e-05,0.00011209631338715553,0.0006532726110890508,0.00032390476553700864,0.0014084902359172702,,,,,,,,,,,,
48,7639,1.0,1.0,1.0,1.0,1.0,1.0,0.0006175878806971014,0.00011996773537248373,0.0001840857439674437,0.0010197953088209033,0.0004644279251806438,0.0012996627483516932,,,,,,,,,,,,
48,7649,1.0,1.0,1.0,1.0,1.0,1.0,0.0009900432778522372,8.512749445799273e-06,0.00015228452684823424,0.0011581979924812913,0.0006629754789173603,0.0029682456515729427,,,,,,,,,,,,
48,7659,1.0,1.0,1.0,1.0,1.0,1.0,0.0008281843620352447,1.629228427191265e-05,0.00011159720452269539,0.000846526469103992,0.0003476936835795641,0.0028188121505081654,,,,,,,,,,,,
48,7669,1.0,1.0,1.0,1.0,1.0,1.0,0.0005320838536135852,1.7919770471053198e-05,0.0001682644651737064,0.0008262518094852567,0.0005611983360722661,0.0010867847595363855,,,,,,,,,,,,
48,7679,1.0,1.0,1.0,1.0,1.0,1.0,0.00048692483687773347,9.257304554921575e-06,9.336691437056288e-05,0.0006248182617127895,0.00046330044278874993,0.001243881182745099,,,,,,,,,,,,
48,7689,1.0,1.0,1.0,1.0,1.0,1.0,0.00046425077016465366,9.863099876383785e-06,0.00014100420230533928,0.0004960137885063887,0.00022736730170436203,0.0014470054302364588,,,,,,,,,,,,
48,7692,,,,,,,,,,,,,0.9999699592590332,0.9991196990013123,0.9769599437713623,0.9803000092506409,0.9429501295089722,0.9798598885536194,0.08243730664253235,0.00012867852638009936,0.0039582462050020695,0.09463904052972794,0.08905141800642014,0.2244090735912323
49,7699,1.0,1.0,1.0,1.0,1.0,1.0,0.0005944521981291473,1.0567620847723447e-05,0.00011051692126784474,0.0007826423388905823,0.0006625856040045619,0.0014059485401958227,,,,,,,,,,,,
49,7709,1.0,1.0,1.0,1.0,1.0,1.0,0.000400264048948884,8.35765058582183e-06,9.280257654609159e-05,0.0006130293477326632,0.0003228268469683826,0.0009643036755733192,,,,,,,,,,,,
49,7719,1.0,1.0,1.0,1.0,1.0,1.0,0.0007582475082017481,9.798570317798294e-06,0.00012786677689291537,0.0010751561494544148,0.0005842895479872823,0.0019941264763474464,,,,,,,,,,,,
49,7729,1.0,1.0,1.0,1.0,1.0,1.0,0.0006706846179440618,1.7798483895603567e-05,8.361186337424442e-05,0.0008902997942641377,0.0004657220561057329,0.0018959909211844206,,,,,,,,,,,,
49,7739,1.0,1.0,1.0,1.0,1.0,1.0,0.00047849753173068166,1.033077478496125e-05,8.702789637027308e-05,0.0006356440135277808,0.0003821008140221238,0.0012773839989677072,,,,,,,,,,,,
49,7749,1.0,1.0,1.0,1.0,1.0,1.0,0.0005255946307443082,5.0886469580291305e-06,8.957831596489996e-05,0.0006921814056113362,0.0003510155074764043,0.0014901093672960997,,,,,,,,,,,,
49,7759,1.0,1.0,1.0,1.0,1.0,1.0,0.0005712161073461175,1.772212635842152e-05,0.00010529556311666965,0.0006720200763083994,0.0002977512194775045,0.0017632913077250123,,,,,,,,,,,,
49,7769,1.0,1.0,1.0,1.0,1.0,1.0,0.00044067506678402424,7.115300832083449e-06,0.000204650845262222,0.0006948105874471366,0.0003094710991717875,0.0009873274248093367,,,,,,,,,,,,
49,7779,1.0,1.0,1.0,1.0,1.0,1.0,0.0005625009653158486,0.00014554421068169177,0.00014897846267558634,0.000719534931704402,0.0004554108309093863,0.001343036419712007,,,,,,,,,,,,
49,7789,1.0,1.0,1.0,1.0,1.0,1.0,0.0004275111423339695,6.485496214736486e-06,6.555637082783505e-05,0.0005674184649251401,0.00037367711775004864,0.0011244183406233788,,,,,,,,,,,,
49,7799,1.0,1.0,1.0,1.0,1.0,1.0,0.0005736512248404324,1.675688872637693e-05,0.0001252085785381496,0.0009071807144209743,0.0003292525070719421,0.0014898574445396662,,,,,,,,,,,,
49,7809,1.0,1.0,1.0,1.0,1.0,1.0,0.0003261412202846259,2.0299979951232672e-05,7.125208503566682e-05,0.00041405032970942557,0.00027575233252719045,0.0008493514033034444,,,,,,,,,,,,
49,7819,1.0,1.0,1.0,1.0,1.0,1.0,0.0005086441524326801,1.721628723316826e-05,9.097694419324398e-05,0.0008611910161562264,0.0004427797975949943,0.0011310569243505597,,,,,,,,,,,,
49,7829,1.0,1.0,1.0,1.0,1.0,1.0,0.00048636808060109615,5.63582761969883e-06,9.059063449967653e-05,0.0006131089176051319,0.00021130117238499224,0.0015112038236111403,,,,,,,,,,,,
49,7839,1.0,1.0,1.0,1.0,1.0,1.0,0.00040371771319769323,8.996887117973529e-06,0.00010583551920717582,0.0005997610278427601,0.00035393479629419744,0.0009500603191554546,,,,,,,,,,,,
49,7849,1.0,1.0,1.0,1.0,1.0,1.0,0.0003979799512308091,7.4503186624497175e-06,8.986475586425513e-05,0.0006615394959226251,0.00034057078300975263,0.0008904741844162345,,,,,,,,,,,,
49,7849,,,,,,,,,,,,,0.9999699592590332,0.9992097020149231,0.9790599942207336,0.9818900227546692,0.9451599717140198,0.98105788230896,0.07825253903865814,0.00014395306061487645,0.003923461306840181,0.08565966784954071,0.08162660151720047,0.2199089527130127
50,7859,1.0,1.0,1.0,1.0,1.0,1.0,0.00042682720231823623,4.8375695769209415e-06,0.00010999827645719051,0.0006034364923834801,0.00026315453578718007,0.0011527088936418295,,,,,,,,,,,,
50,7869,1.0,1.0,1.0,1.0,1.0,1.0,0.00047321358579210937,1.968924880202394e-05,0.00012499847798608243,0.000848596915602684,0.00027480837889015675,0.0010979748331010342,,,,,,,,,,,,
50,7879,1.0,1.0,1.0,1.0,1.0,1.0,0.0004916755715385079,8.697139492142014e-06,0.000101313809864223,0.0008282723720185459,0.0003600679337978363,0.0011600266443565488,,,,,,,,,,,,
50,7889,1.0,1.0,1.0,1.0,1.0,1.0,0.00043357466347515583,1.191330375149846e-05,9.464479808229953e-05,0.0006669941358268261,0.0003279559896327555,0.0010663650464266539,,,,,,,,,,,,
50,7899,1.0,1.0,1.0,1.0,1.0,1.0,0.00048760176287032664,5.96446943745832e-06,0.00011206001363461837,0.0005216591525822878,0.00040005549089983106,0.0013982695527374744,,,,,,,,,,,,
50,7909,1.0,1.0,1.0,1.0,1.0,1.0,0.000548361917026341,5.5188820624607615e-06,9.780528489500284e-05,0.0008902059053070843,0.00039200723404064775,0.0013562722597271204,,,,,,,,,,,,
50,7919,1.0,1.0,1.0,1.0,1.0,1.0,0.0003419032727833837,7.56922099753865e-06,5.2169954869896173e-05,0.000503433111589402,0.00024743410176597536,0.0008989099296741188,,,,,,,,,,,,
50,7929,1.0,1.0,1.0,1.0,1.0,1.0,0.00047358713345602155,1.4257505426940043e-05,9.879629214992747e-05,0.0008447036379948258,0.00043544298387132585,0.0009747351286932826,,,,,,,,,,,,
50,7939,1.0,1.0,1.0,1.0,1.0,1.0,0.0005574470269493759,5.961408078292152e-06,7.806886424077675e-05,0.0012352752964943647,0.00039249606197699904,0.0010754333343356848,,,,,,,,,,,,
50,7949,1.0,1.0,1.0,1.0,1.0,1.0,0.0004456091846805066,1.594555942574516e-05,0.00010128597205039114,0.0007334558758884668,0.00040937005542218685,0.0009679883951321244,,,,,,,,,,,,
50,7959,1.0,1.0,1.0,1.0,1.0,1.0,0.0002525840827729553,4.919844741380075e-06,4.185450234217569e-05,0.00039507480687461793,0.00017107812163885683,0.0006499931332655251,,,,,,,,,,,,
50,7969,1.0,1.0,1.0,1.0,1.0,1.0,0.00039230214315466583,6.797598416596884e-06,0.00010374960402259603,0.0004903118824586272,0.00046436264528892934,0.0008962888387031853,,,,,,,,,,,,
50,7979,1.0,1.0,1.0,1.0,1.0,1.0,0.0003998589236289263,7.549288966401946e-06,8.330552373081446e-05,0.0006333247292786837,0.00040162215009331703,0.0008734928560443223,,,,,,,,,,,,
50,7989,1.0,1.0,1.0,1.0,1.0,1.0,0.0005611110827885568,7.56618919695029e-06,6.454562389990315e-05,0.0008859650115482509,0.00026136075030080974,0.0015861175488680601,,,,,,,,,,,,
50,7999,1.0,1.0,1.0,1.0,1.0,1.0,0.0003724947455339134,6.954972377570812e-06,9.563186176819727e-05,0.0005137809785082936,0.00030488093034364283,0.0009412249783053994,,,,,,,,,,,,
50,8006,,,,,,,,,,,,,0.9999699592590332,0.9992797374725342,0.9787999987602234,0.981529712677002,0.9453902244567871,0.9809940457344055,0.07933995127677917,0.0001419803302269429,0.003607907798141241,0.08805947750806808,0.08309153467416763,0.22179876267910004
51,8009,1.0,1.0,1.0,1.0,1.0,1.0,0.000482299888972193,8.18622993392637e-06,8.739404438529164e-05,0.000523010385222733,0.00036479486152529716,0.0014281137846410275,,,,,,,,,,,,
51,8019,1.0,1.0,1.0,1.0,1.0,1.0,0.00034384947502985597,1.263211015611887e-05,7.25321369827725e-05,0.0003836515825241804,0.00032045194529928267,0.0009299794910475612,,,,,,,,,,,,
51,8029,1.0,1.0,1.0,1.0,1.0,1.0,0.000351190275978297,7.109040780051146e-06,0.0001035358727676794,0.00043866908526979387,0.00028903671773150563,0.0009176005842164159,,,,,,,,,,,,
51,8039,1.0,1.0,1.0,1.0,1.0,1.0,0.00038365344516932964,7.030955202935729e-06,0.00011349380656611174,0.0005355081520974636,0.0002385946427239105,0.0010236396919935942,,,,,,,,,,,,
51,8049,1.0,1.0,1.0,1.0,1.0,1.0,0.0005861102254129946,1.022400647343602e-05,6.90730448695831e-05,0.0009100898168981075,0.0002760833303909749,0.0016650808975100517,,,,,,,,,,,,
51,8059,1.0,1.0,1.0,1.0,1.0,1.0,0.00034773649531416595,4.187539616395952e-06,4.1797233279794455e-05,0.0003994569997303188,0.00027148888329975307,0.0010217517847195268,,,,,,,,,,,,
51,8069,1.0,1.0,1.0,1.0,1.0,1.0,0.000309039925923571,5.0438115977158304e-06,6.0521229897858575e-05,0.0004505764227360487,0.0003145080409012735,0.0007145501440390944,,,,,,,,,,,,
51,8079,1.0,1.0,1.0,1.0,1.0,1.0,0.0002927655295934528,1.1269605238339864e-05,7.706684118602425e-05,0.0005045993020758033,0.00020850620057899505,0.0006623856024816632,,,,,,,,,,,,
51,8089,1.0,1.0,1.0,1.0,1.0,1.0,0.00044217557297088206,6.639293133048341e-06,5.512555435416289e-05,0.000738085771445185,0.0003602385404519737,0.0010507885599508882,,,,,,,,,,,,
51,8099,1.0,1.0,1.0,1.0,1.0,1.0,0.00038920179940760136,1.628985228308011e-05,0.00011271380208199844,0.0005658026784658432,0.00027801888063549995,0.0009731837781146169,,,,,,,,,,,,
51,8109,1.0,1.0,1.0,1.0,1.0,1.0,0.0003204702807124704,1.0813651897478849e-05,8.285117655759677e-05,0.0004631491028703749,0.00015707648708485067,0.0008884609560482204,,,,,,,,,,,,
51,8119,1.0,1.0,1.0,1.0,1.0,1.0,0.0004535938205663115,6.353960088745225e-06,6.566949741682038e-05,0.000509068719111383,0.0006078011938370764,0.001079075736925006,,,,,,,,,,,,
51,8129,1.0,1.0,1.0,1.0,1.0,1.0,0.0003551793924998492,6.798451067879796e-06,8.624567999504507e-05,0.0005347888800315559,0.0003367402823641896,0.0008113236399367452,,,,,,,,,,,,
51,8139,1.0,1.0,1.0,1.0,1.0,1.0,0.00038355946890078485,1.287587838305626e-05,7.982157694641501e-05,0.0005833078757859766,0.00026573697687126696,0.0009760550456121564,,,,,,,,,,,,
51,8149,1.0,1.0,1.0,1.0,1.0,1.0,0.0004123453691136092,6.08990603723214e-06,9.093388507608324e-05,0.0007077947957441211,0.0002679652243386954,0.000988942920230329,,,,,,,,,,,,
51,8159,1.0,1.0,1.0,1.0,1.0,1.0,0.00037069423706270754,6.591706096514827e-06,7.122322131181136e-05,0.0006025205366313457,0.00027959185536019504,0.0008935438236221671,,,,,,,,,,,,
51,8163,,,,,,,,,,,,,0.9999799728393555,0.9993496537208557,0.9800699949264526,0.9829199910163879,0.9475799798965454,0.9819799065589905,0.07563938200473785,0.00011839282524306327,0.003496487159281969,0.08262110501527786,0.07788475602865219,0.21407610177993774
52,8169,1.0,1.0,1.0,1.0,1.0,1.0,0.0003611376159824431,5.861179488420021e-06,5.198723010835238e-05,0.0005606505437754095,0.00024275756732095033,0.0009444315801374614,,,,,,,,,,,,
52,8179,1.0,1.0,1.0,1.0,1.0,1.0,0.00034864709596149623,7.069880666676909e-06,6.0436606872826815e-05,0.0005260956822894514,0.0002510909107513726,0.0008985423482954502,,,,,,,,,,,,
52,8189,1.0,1.0,1.0,1.0,1.0,1.0,0.0005712653510272503,5.607567345577991e-06,0.00011608302884269506,0.0004539676592685282,0.0007194291101768613,0.0015612394781783223,,,,,,,,,,,,
52,8199,1.0,1.0,1.0,1.0,1.0,1.0,0.0004305221082177013,5.3218527682474814e-06,6.726365245413035e-05,0.0006360270781442523,0.0003128434473183006,0.0011311545968055725,,,,,,,,,,,,
52,8209,1.0,1.0,1.0,1.0,1.0,1.0,0.00035924636176787317,9.66997686191462e-06,5.523536310647614e-05,0.0004808532539755106,0.00017779898189473897,0.0010726742912083864,,,,,,,,,,,,
52,8219,1.0,1.0,1.0,1.0,1.0,1.0,0.00037831394001841545,6.313809080893407e-06,6.465308251790702e-05,0.0005384331452660263,0.00032255396945402026,0.0009596156887710094,,,,,,,,,,,,
52,8229,1.0,1.0,1.0,1.0,1.0,1.0,0.00028247747104614973,4.649790753319394e-06,5.8696041378425434e-05,0.00041831121779978275,0.00022056038142181933,0.0007101699011400342,,,,,,,,,,,,
52,8239,1.0,1.0,1.0,1.0,1.0,1.0,0.0003026362101081759,4.668079782277346e-06,7.420037582051009e-05,0.0003467597998678684,0.00023211755615193397,0.0008554351516067982,,,,,,,,,,,,
52,8249,1.0,1.0,1.0,1.0,1.0,1.0,0.00027398610836826265,4.177870323474053e-06,5.499977123690769e-05,0.00034446315839886665,0.00012908937060274184,0.0008372003212571144,,,,,,,,,,,,
52,8259,1.0,1.0,1.0,1.0,1.0,1.0,0.00032808532705530524,1.0660100087989122e-05,0.00017211299564223737,0.0004382423940114677,0.00027884685550816357,0.0007405641954392195,,,,,,,,,,,,
52,8269,1.0,1.0,1.0,1.0,1.0,1.0,0.0003652530431281775,4.987311967852293e-06,6.030445729265921e-05,0.0004956794437021017,0.00027954159304499626,0.00098575244192034,,,,,,,,,,,,
52,8279,1.0,1.0,1.0,1.0,1.0,1.0,0.0003300743701402098,4.614445970219094e-06,7.651194755453616e-05,0.0004905873793177307,0.00030924801831133664,0.0007694100495427847,,,,,,,,,,,,
52,8289,1.0,1.0,1.0,1.0,1.0,1.0,0.00039726198883727193,5.745751877839211e-06,6.092372859711759e-05,0.0005775275640189648,0.0003506317443680018,0.0009914811234921217,,,,,,,,,,,,
52,8299,1.0,1.0,1.0,1.0,1.0,1.0,0.00025313900550827384,4.71390239908942e-06,6.381083949236199e-05,0.0003611773136071861,0.00021282925445120782,0.0006231636507436633,,,,,,,,,,,,
52,8309,1.0,1.0,1.0,1.0,1.0,1.0,0.00034514974686317146,9.624044650990982e-06,3.868851490551606e-05,0.0004873305151704699,0.0003089870442636311,0.0008811185834929347,,,,,,,,,,,,
52,8319,1.0,1.0,1.0,1.0,1.0,1.0,0.000267299881670624,6.601358563784743e-06,5.165792390471324e-05,0.00036457012174651027,0.0002461374388076365,0.0006675324402749538,,,,,,,,,,,,
52,8320,,,,,,,,,,,,,0.9999699592590332,0.9991597533226013,0.9797399044036865,0.9823700785636902,0.9470999836921692,0.9816681146621704,0.0774303525686264,0.00011399309005355462,0.004182543605566025,0.08442533016204834,0.08293778449296951,0.21549206972122192
53,8329,1.0,1.0,1.0,1.0,1.0,1.0,0.0008571265498176217,5.930151019128971e-06,0.00010317053965991363,0.0014879704685881734,0.0002856916398741305,0.0024028695188462734,,,,,,,,,,,,
53,8339,1.0,1.0,1.0,1.0,1.0,1.0,0.0002923125575762242,4.467940925678704e-06,4.2688749090302736e-05,0.00032680464209988713,0.00020261264580767602,0.0008849888108670712,,,,,,,,,,,,
53,8349,1.0,1.0,1.0,1.0,1.0,1.0,0.0003383892180863768,6.847908025520155e-06,8.600837463745847e-05,0.0007561678066849709,0.0002107077743858099,0.0006322141271084547,,,,,,,,,,,,
53,8359,1.0,1.0,1.0,1.0,1.0,1.0,0.00029380928026512265,5.69100484426599e-06,4.598116356646642e-05,0.00044266050099395216,0.0002776068286038935,0.0006971068796701729,,,,,,,,,,,,
53,8369,1.0,1.0,1.0,1.0,1.0,1.0,0.000262958143139258,3.5889038372260984e-06,4.1184255678672343e-05,0.00036436179652810097,0.00027612809208221734,0.0006295275525189936,,,,,,,,,,,,
53,8379,1.0,1.0,1.0,1.0,1.0,1.0,0.00030200392939150333,4.194597750029061e-06,4.1840401536319405e-05,0.0002989809145219624,0.0003537224547471851,0.0008112813229672611,,,,,,,,,,,,
53,8389,1.0,1.0,1.0,1.0,1.0,1.0,0.00025407664361409843,4.963736046192935e-06,4.0842856833478436e-05,0.0003200950741302222,0.00016632447659503669,0.0007381569594144821,,,,,,,,,,,,
53,8399,1.0,1.0,1.0,1.0,1.0,1.0,0.0004185587167739868,1.1125428500236012e-05,9.666835831012577e-05,0.0006709130248054862,0.0002674049756024033,0.0010466817766427994,,,,,,,,,,,,
53,8409,1.0,1.0,1.0,1.0,1.0,1.0,0.0002858202497009188,3.862335688609164e-06,6.363009742926806e-05,0.00040362210711464286,0.00018009287305176258,0.0007778938743285835,,,,,,,,,,,,
53,8419,1.0,1.0,1.0,1.0,1.0,1.0,0.00034228735603392124,4.529481429926818e-06,5.694381979992613e-05,0.0005179928848519921,0.00019533143495209515,0.0009366392041556537,,,,,,,,,,,,
53,8429,1.0,1.0,1.0,1.0,1.0,1.0,0.0002995139511767775,4.907213224214502e-06,5.18645865668077e-05,0.0003050168161280453,0.0002429429005132988,0.0008928381721489131,,,,,,,,,,,,
53,8439,1.0,1.0,1.0,1.0,1.0,1.0,0.00021166350052226335,4.431548859429313e-06,4.467319376999512e-05,0.0002976976684294641,0.00015557571896351874,0.0005559393903240561,,,,,,,,,,,,
53,8449,1.0,1.0,1.0,1.0,1.0,1.0,0.0002485604491084814,7.777629434713162e-06,6.478025170508772e-05,0.00044208570034243166,0.0001844310318119824,0.0005437275976873934,,,,,,,,,,,,
53,8459,1.0,1.0,1.0,1.0,1.0,1.0,0.0003228493151254952,8.719747711438686e-06,4.540519876172766e-05,0.00045176068670116365,0.00019431098189670593,0.0009140499169006944,,,,,,,,,,,,
53,8469,1.0,1.0,1.0,1.0,1.0,1.0,0.00031699473038315773,1.1063550118706189e-05,5.8336270740255713e-05,0.0004541589878499508,0.00023494497872889042,0.0008264697971753776,,,,,,,,,,,,
53,8477,,,,,,,,,,,,,0.9999699592590332,0.9992597103118896,0.9802300930023193,0.9824699759483337,0.9468798637390137,0.9817618727684021,0.0774872824549675,0.00015138972958084196,0.004412096459418535,0.08395598083734512,0.08133742958307266,0.21757954359054565
54,8479,1.0,1.0,1.0,1.0,1.0,1.0,0.00038462976226583123,6.410580681404099e-06,6.955220305826515e-05,0.0007579721277579665,0.0001914449385367334,0.0008977688848972321,,,,,,,,,,,,
54,8489,1.0,1.0,1.0,1.0,1.0,1.0,0.00028301816200837493,5.455504378915066e-06,4.477517359191552e-05,0.00034201418748125434,0.0002798425848595798,0.0007430033292621374,,,,,,,,,,,,
54,8499,1.0,1.0,1.0,1.0,1.0,1.0,0.0002225349162472412,4.494824224821059e-06,2.9900202207500115e-05,0.00035640696296468377,0.00010142787505174056,0.0006204447126947343,,,,,,,,,,,,
54,8509,1.0,1.0,1.0,1.0,1.0,1.0,0.0002861250250134617,4.242644536134321e-06,4.648471440305002e-05,0.0005175081314519048,0.00023441575467586517,0.0006279738154262304,,,,,,,,,,,,
54,8519,1.0,1.0,1.0,1.0,1.0,1.0,0.00023546737793367356,9.764386959432159e-06,3.274766277172603e-05,0.0003756431397050619,0.00022581135272048414,0.0005333703593350947,,,,,,,,,,,,
54,8529,1.0,1.0,1.0,1.0,1.0,1.0,0.00028450327226892114,4.4214771151018795e-06,6.429523637052625e-05,0.00033263006480410695,0.0002884724526666105,0.0007326971390284598,,,,,,,,,,,,
54,8539,1.0,1.0,1.0,1.0,1.0,1.0,0.0002850630844477564,4.5116444198356476e-06,5.04405761603266e-05,0.0003242372185923159,0.00024111611128319055,0.0008050097967498004,,,,,,,,,,,,
54,8549,1.0,1.0,1.0,1.0,1.0,1.0,0.00034943470382131636,6.443434358516242e-06,8.081412670435384e-05,0.0005191902746446431,0.00034123481600545347,0.0007994908955879509,,,,,,,,,,,,
54,8559,1.0,1.0,1.0,1.0,1.0,1.0,0.0002737866889219731,7.455796549038496e-06,0.00010320136789232492,0.00038302355096675456,0.00015010354400146753,0.0007251490605995059,,,,,,,,,,,,
54,8569,1.0,1.0,1.0,1.0,1.0,1.0,0.00029860794893465936,7.354446097451728e-06,7.576841744594276e-05,0.00043296022340655327,0.0002862284309230745,0.0006907281349413097,,,,,,,,,,,,
54,8579,1.0,1.0,1.0,1.0,1.0,1.0,0.0003164453082717955,8.967940630100202e-06,5.432602483779192e-05,0.0005341198993846774,0.00020014645997434855,0.0007846661610528827,,,,,,,,,,,,
54,8589,1.0,1.0,1.0,1.0,1.0,1.0,0.00026333678397350013,4.915039880870609e-06,4.74017761007417e-05,0.0004114457406103611,0.0001709631469566375,0.0006819582777097821,,,,,,,,,,,,
54,8599,1.0,1.0,1.0,1.0,1.0,1.0,0.0003498391015455127,6.045518148312112e-06,6.452311936300248e-05,0.0005545592284761369,0.00023453414905816317,0.000889533490408212,,,,,,,,,,,,
54,8609,1.0,1.0,1.0,1.0,1.0,1.0,0.00029145419830456376,6.7594373831525445e-06,6.429212226066738e-05,0.0005060252151452005,0.0002595036057755351,0.0006206905818544328,,,,,,,,,,,,
54,8619,1.0,1.0,1.0,1.0,1.0,1.0,0.00020696144201792777,4.016097591375001e-06,4.672876821132377e-05,0.00028686760924756527,0.0001397743180859834,0.0005574204260483384,,,,,,,,,,,,
54,8629,1.0,1.0,1.0,1.0,1.0,1.0,0.0003884032485075295,5.629025963571621e-06,5.4304615332512185e-05,0.0008606967749074101,0.00019391630485188216,0.0008274695137515664,,,,,,,,,,,,
54,8634,,,,,,,,,,,,,0.9999799728393555,0.9992997050285339,0.9812599420547485,0.983460009098053,0.9489699006080627,0.9825938940048218,0.07403269410133362,9.332900663139299e-05,0.003916223533451557,0.07905703783035278,0.07618634402751923,0.21091052889823914
55,8639,1.0,1.0,1.0,1.0,1.0,1.0,0.0003613499866332859,5.5799673646106385e-06,7.68333047744818e-05,0.00047456278116442263,0.00027962547028437257,0.0009701483068056405,,,,,,,,,,,,
55,8649,1.0,1.0,1.0,1.0,1.0,1.0,0.0003379177942406386,1.0753765309345908e-05,6.9612760853488e-05,0.0004285174363758415,0.0003000727156177163,0.0008806322002783418,,,,,,,,,,,,
55,8659,1.0,1.0,1.0,1.0,1.0,1.0,0.000472191721200943,4.4363528104440775e-06,6.539830792462453e-05,0.0010851239785552025,0.00017313307034783065,0.0010328670032322407,,,,,,,,,,,,
55,8669,1.0,1.0,1.0,1.0,1.0,1.0,0.00028841730090789497,1.092401180358138e-05,7.29409875930287e-05,0.00034913222771137953,0.00028008155641146004,0.0007290075882337987,,,,,,,,,,,,
55,8679,1.0,1.0,1.0,1.0,1.0,1.0,0.0002688694221433252,5.040488304075552e-06,3.4521028283052146e-05,0.0003794496296904981,0.0002854926569852978,0.0006398432306014001,,,,,,,,,,,,
55,8689,1.0,1.0,1.0,1.0,1.0,1.0,0.0003015373076777905,6.073430995456874e-06,3.9442362322006375e-05,0.0004270993231330067,0.00017969646432902664,0.0008553749066777527,,,,,,,,,,,,
55,8699,1.0,1.0,1.0,1.0,1.0,1.0,0.00029067168361507356,2.8356696475384524e-06,5.776849502581172e-05,0.0003734270576387644,0.00024046862381510437,0.0007788584916852415,,,,,,,,,,,,
55,8709,1.0,1.0,1.0,1.0,1.0,1.0,0.000230015444685705,5.890965439903084e-06,6.422281876439229e-05,0.00043632974848151207,0.00019087313557974994,0.0004527605196926743,,,,,,,,,,,,
55,8719,1.0,1.0,1.0,1.0,1.0,1.0,0.00024087024212349206,4.694400104199303e-06,3.720892345882021e-05,0.00034566776594147086,0.00020392160513438284,0.000612858566455543,,,,,,,,,,,,
55,8729,1.0,1.0,1.0,1.0,1.0,1.0,0.00017757997557055205,3.2819377793202875e-06,5.978122862870805e-05,0.00030897260876372457,0.000134496163809672,0.00038136792136356235,,,,,,,,,,,,
55,8739,1.0,1.0,1.0,1.0,1.0,1.0,0.00032306587672792375,5.536278877116274e-06,5.176032573217526e-05,0.00035389227559790015,0.0002549978089518845,0.0009491426753811538,,,,,,,,,,,,
55,8749,1.0,1.0,1.0,1.0,1.0,1.0,0.0002648636873345822,3.4849654184654355e-06,6.18863632553257e-05,0.0005063799908384681,0.00021546187053900212,0.0005371051374822855,,,,,,,,,,,,
55,8759,1.0,1.0,1.0,1.0,1.0,1.0,0.00023049065202940255,3.832456513919169e-06,3.880416988977231e-05,0.0003321812837384641,0.0002284635993419215,0.0005491717020049691,,,,,,,,,,,,
55,8769,1.0,1.0,1.0,1.0,1.0,1.0,0.00022531401191372424,4.099611032870598e-06,4.641104533220641e-05,0.00028492911951616406,0.00022052228450775146,0.0005706079537048936,,,,,,,,,,,,
55,8779,1.0,1.0,1.0,1.0,1.0,1.0,0.0003170472336933017,4.633667231246363e-06,6.057330756448209e-05,0.0004691567737609148,0.0002998416603077203,0.0007510307477787137,,,,,,,,,,,,
55,8789,1.0,1.0,1.0,1.0,1.0,1.0,0.00020761262567248195,4.269480541552184e-06,4.807223376701586e-05,0.0002929882612079382,0.00013964474783279002,0.0005530883790925145,,,,,,,,,,,,
55,8791,,,,,,,,,,,,,0.9999799728393555,0.9991796612739563,0.9807500243186951,0.9830699563026428,0.9481700658798218,0.9822299480438232,0.07639559358358383,9.638773917686194e-05,0.004584125243127346,0.08165638893842697,0.07852648198604584,0.21711452305316925
56,8799,1.0,1.0,1.0,1.0,1.0,1.0,0.0002583814493846148,4.536935193755198e-06,3.627273690653965e-05,0.0004382148908916861,0.00019765357137657702,0.0006152289570309222,,,,,,,,,,,,
56,8809,1.0,1.0,1.0,1.0,1.0,1.0,0.00022920714400243014,3.2484144867339637e-06,3.1194911571219563e-05,0.000289873278234154,0.00017809461860451847,0.0006436245748773217,,,,,,,,,,,,
56,8819,1.0,1.0,1.0,1.0,1.0,1.0,0.0002141809818567708,3.5382440728426445e-06,2.9279772206791677e-05,0.00039801938692107797,0.0001812775881262496,0.00045878993114456534,,,,,,,,,,,,
56,8829,1.0,1.0,1.0,1.0,1.0,1.0,0.0002835769846569747,5.7634664699435234e-05,6.447539635701105e-05,0.00039888452738523483,0.000257873471127823,0.0006390168564394116,,,,,,,,,,,,
56,8839,1.0,1.0,1.0,1.0,1.0,1.0,0.00019284390145912766,3.8079092519183178e-06,3.678647772176191e-05,0.0003342240524943918,0.00017094102804549038,0.0004184600547887385,,,,,,,,,,,,
56,8849,1.0,1.0,1.0,1.0,1.0,1.0,0.0003585031081456691,2.5812189505813876e-06,3.125621879007667e-05,0.00042002840200439095,0.00014471577014774084,0.0011939338874071836,,,,,,,,,,,,
56,8859,1.0,1.0,1.0,1.0,1.0,1.0,0.00025832370738498867,4.472127329790965e-06,5.0081162044079974e-05,0.0003795858647208661,0.00013540597865357995,0.0007220733095891774,,,,,,,,,,,,
56,8869,1.0,1.0,1.0,1.0,1.0,1.0,0.00022717022511642426,3.493540816634777e-06,5.50899603695143e-05,0.0003024689794983715,0.0001646263262955472,0.0006101723411120474,,,,,,,,,,,,
56,8879,1.0,1.0,1.0,1.0,1.0,1.0,0.0003232310409657657,3.5829423268296523e-06,9.646601392887533e-05,0.0002840162778738886,0.00023449884611181915,0.0009975910652428865,,,,,,,,,,,,
56,8889,1.0,1.0,1.0,1.0,1.0,1.0,0.00032333910348825157,4.678880941355601e-06,4.213653664919548e-05,0.0003076060675084591,0.0003324603312648833,0.0009298137156292796,,,,,,,,,,,,
56,8899,1.0,1.0,1.0,1.0,1.0,1.0,0.00027956560370512307,1.3226717783254571e-05,4.8581758164800704e-05,0.00037078742752783,0.00014081246627029032,0.0008244196069426835,,,,,,,,,,,,
56,8909,1.0,1.0,1.0,1.0,1.0,1.0,0.00017048433073796332,3.2163757168746088e-06,3.3709482522681355e-05,0.00018974285922013223,0.00014468657900579274,0.0004810663522221148,,,,,,,,,,,,
56,8919,1.0,1.0,1.0,1.0,1.0,1.0,0.00028887888765893877,6.619600753765553e-06,3.860463039018214e-05,0.00048312279977835715,0.00019732958753593266,0.0007187177543528378,,,,,,,,,,,,
56,8929,1.0,1.0,1.0,1.0,1.0,1.0,0.00020256479911040515,3.8910006878722925e-06,4.617792001226917e-05,0.0002771649742498994,0.00013747917546425015,0.0005481109255924821,,,,,,,,,,,,
56,8939,1.0,1.0,1.0,1.0,1.0,1.0,0.00027545771445147693,6.268682227528188e-06,5.9921159845544025e-05,0.0002970613422803581,0.00016012215928640217,0.000853915058542043,,,,,,,,,,,,
56,8948,,,,,,,,,,,,,0.9999699592590332,0.9990896582603455,0.9808399081230164,0.9830899238586426,0.9489598274230957,0.9823900461196899,0.07655353844165802,9.290358138969168e-05,0.004895493388175964,0.08229880034923553,0.07927414774894714,0.216206356883049
57,8949,1.0,1.0,1.0,1.0,1.0,1.0,0.0003446623159106821,4.750371772388462e-06,4.5127319026505575e-05,0.0004400435427669436,0.00027813954511657357,0.0009552506962791085,,,,,,,,,,,,
57,8959,1.0,1.0,1.0,1.0,1.0,1.0,0.00028934894362464547,4.7477942644036375e-06,5.696913649444468e-05,0.00037859188159927726,0.00022384656767826527,0.0007825892535038292,,,,,,,,,,,,
57,8969,1.0,1.0,1.0,1.0,1.0,1.0,0.0002024345303652808,4.164741767453961e-06,3.6185978387948126e-05,0.0002829809091053903,0.00014202579041011631,0.0005468152812682092,,,,,,,,,,,,
57,8979,1.0,1.0,1.0,1.0,1.0,1.0,0.0004346134082879871,2.8986237339267973e-06,4.087140041519888e-05,0.0006493359105661511,0.0001746167690725997,0.0013053442817181349,,,,,,,,,,,,
57,8989,1.0,1.0,1.0,1.0,1.0,1.0,0.00026465338305570185,4.2288329495931976e-06,4.654570511775091e-05,0.0003552082343958318,0.0002711634442675859,0.0006461205775849521,,,,,,,,,,,,
57,8999,1.0,1.0,1.0,1.0,1.0,1.0,0.00023351954587269574,4.584225735015934e-06,2.2587901185033843e-05,0.00035044713877141476,0.00016863294877111912,0.0006213454762473702,,,,,,,,,,,,
57,9009,1.0,1.0,1.0,1.0,1.0,1.0,0.000418131792685017,5.35944400326116e-06,5.6243436119984835e-05,0.0008190978551283479,0.00016533429152332246,0.0010446239029988647,,,,,,,,,,,,
57,9019,1.0,1.0,1.0,1.0,1.0,1.0,0.00021438526164274663,3.085244316025637e-06,2.97242895612726e-05,0.0002759407798293978,0.00013748431229032576,0.0006256916676647961,,,,,,,,,,,,
57,9029,1.0,1.0,1.0,1.0,1.0,1.0,0.0003136318700853735,3.028252194781089e-06,6.39978316030465e-05,0.0005918232491239905,0.0001624085707589984,0.0007469014963135123,,,,,,,,,,,,
57,9039,1.0,1.0,1.0,1.0,1.0,1.0,0.00021084875334054232,3.288274001533864e-06,2.2543368686456233e-05,0.00037752289790660143,0.00011438979709055275,0.00053649942856282,,,,,,,,,,,,
57,9049,1.0,1.0,1.0,1.0,1.0,1.0,0.0002011442556977272,3.1463339382753475e-06,3.0651019187644124e-05,0.00027911493089050055,0.00015979944146238267,0.0005330095300450921,,,,,,,,,,,,
57,9059,1.0,1.0,1.0,1.0,1.0,1.0,0.0002519262779969722,1.2054654689563904e-05,4.931755756842904e-05,0.0003024644101969898,0.00020975936786271632,0.000686035375110805,,,,,,,,,,,,
57,9069,1.0,1.0,1.0,1.0,1.0,1.0,0.00015773021732456982,3.3352014270349173e-06,3.59185432898812e-05,0.00016978348139673471,0.00011232619726797566,0.00046728766756132245,,,,,,,,,,,,
57,9079,1.0,1.0,1.0,1.0,1.0,1.0,0.0002705798833630979,1.4133658623904921e-05,8.127166802296415e-05,0.0004820822214242071,0.0001807943917810917,0.0005946174496784806,,,,,,,,,,,,
57,9089,1.0,1.0,1.0,1.0,1.0,1.0,0.00017302898049820215,4.114853254577611e-06,3.443005698500201e-05,0.00023236623383127153,9.25383428693749e-05,0.0005016953800804913,,,,,,,,,,,,
57,9099,1.0,1.0,1.0,1.0,1.0,1.0,0.00024076644331216812,4.3815198296215385e-06,6.710748857585713e-05,0.0004575223138090223,0.00011355996684869751,0.000561260967515409,,,,,,,,,,,,
57,9105,,,,,,,,,,,,,0.9999799728393555,0.9991297125816345,0.980440080165863,0.9827100038528442,0.9481801390647888,0.9820882081985474,0.07859596610069275,9.55424111452885e-05,0.004568480886518955,0.08453749865293503,0.08268168568611145,0.22109660506248474
58,9109,1.0,1.0,1.0,1.0,1.0,1.0,0.00018799904501065612,4.025347607239382e-06,6.994973227847368e-05,0.0003403926675673574,0.0001234386145370081,0.00040218885987997055,,,,,,,,,,,,
58,9119,1.0,1.0,1.0,1.0,1.0,1.0,0.0002879449166357517,3.8630114431725815e-06,6.255473999772221e-05,0.00045455293729901314,0.00024149562523234636,0.0006772582419216633,,,,,,,,,,,,
58,9129,1.0,1.0,1.0,1.0,1.0,1.0,0.0002043292624875903,5.194781351747224e-06,3.5776345612248406e-05,0.00027531772502698004,0.00015819552936591208,0.0005471619660966098,,,,,,,,,,,,
58,9139,1.0,1.0,1.0,1.0,1.0,1.0,0.00026458341744728386,9.40573590924032e-06,4.34156390838325e-05,0.0005171014927327633,0.0001543514954391867,0.0005986427422612906,,,,,,,,,,,,
58,9149,1.0,1.0,1.0,1.0,1.0,1.0,0.00022415687271859497,3.909225597453769e-06,5.404902185546234e-05,0.0003500393941067159,0.0001468010013923049,0.0005659856251440942,,,,,,,,,,,,
58,9159,1.0,1.0,1.0,1.0,1.0,1.0,0.0001319568109465763,3.388032155271503e-06,3.925910277757794e-05,0.000225216310354881,9.931817476172e-05,0.0002926024899352342,,,,,,,,,,,,
58,9169,1.0,1.0,1.0,1.0,1.0,1.0,0.00018344333511777222,2.655358002812136e-06,2.9127917514415458e-05,0.0002408407599432394,0.0001295438560191542,0.000515048741362989,,,,,,,,,,,,
58,9179,1.0,1.0,1.0,1.0,1.0,1.0,0.0002633012773003429,3.891340384143405e-06,5.38765343662817e-05,0.0003183659864589572,0.00019016776059288532,0.0007502048392780125,,,,,,,,,,,,
58,9189,1.0,1.0,1.0,1.0,1.0,1.0,0.00023792199499439448,2.9209736567281652e-06,4.3302403355482966e-05,0.00028162289527244866,0.00017360672063659877,0.0006881569279357791,,,,,,,,,,,,
58,9199,1.0,1.0,1.0,1.0,1.0,1.0,0.00018637666653376073,3.139642331007053e-06,3.356254455866292e-05,0.0003060411545448005,8.46857437863946e-05,0.0005044542485848069,,,,,,,,,,,,
58,9209,1.0,1.0,1.0,1.0,1.0,1.0,0.0002106719184666872,8.819039976515342e-06,3.9577920688316226e-05,0.0003286224091425538,0.00016047514509409666,0.0005158650455996394,,,,,,,,,,,,
58,9219,1.0,1.0,1.0,1.0,1.0,1.0,0.0001919907663250342,3.862613539240556e-06,3.685641422634944e-05,0.00033215410076081753,0.00015068975335452706,0.0004363909247331321,,,,,,,,,,,,
58,9229,1.0,1.0,1.0,1.0,1.0,1.0,0.0003108058881480247,3.2703769647923764e-06,4.967701534042135e-05,0.0005892730550840497,0.00018318227375857532,0.0007286267355084419,,,,,,,,,,,,
58,9239,1.0,1.0,1.0,1.0,1.0,1.0,0.00024060290888883173,3.7609054288623156e-06,3.7937577872071415e-05,0.00036058234400115907,0.00014601052680518478,0.0006547230877913535,,,,,,,,,,,,
58,9249,1.0,1.0,1.0,1.0,1.0,1.0,0.0002524179872125387,4.628830993169686e-06,3.735911741387099e-05,0.0004931521834805608,0.00015701990923844278,0.0005699299508705735,,,,,,,,,,,,
58,9259,1.0,1.0,1.0,1.0,1.0,1.0,0.0002466584264766425,6.09166545473272e-06,4.810040263691917e-05,0.00028748298063874245,0.00014789550914429128,0.0007437214953824878,,,,,,,,,,,,
58,9262,,,,,,,,,,,,,0.9999799728393555,0.9990796446800232,0.980339765548706,0.9829798340797424,0.9486899375915527,0.9822140336036682,0.07803045958280563,8.629108197055757e-05,0.0050348155200481415,0.08469615131616592,0.08040545135736465,0.219929501414299
59,9269,1.0,1.0,1.0,1.0,1.0,1.0,0.0002038940292550251,2.6248096673953114e-06,3.383973671589047e-05,0.0002500484115444124,0.00015201202768366784,0.000580945226829499,,,,,,,,,,,,
59,9279,1.0,1.0,1.0,1.0,1.0,1.0,0.00016658828826621175,1.2132945812481921e-05,3.032582753803581e-05,0.00022645143326371908,0.0001626631710678339,0.00040136807365342975,,,,,,,,,,,,
59,9289,1.0,1.0,1.0,1.0,1.0,1.0,0.00025383473257534206,1.0251505955238827e-05,6.136313459137455e-05,0.0004166412109043449,0.00016021616465877742,0.0006207015831023455,,,,,,,,,,,,
59,9299,1.0,1.0,1.0,1.0,1.0,1.0,0.00017991146887652576,2.399066715952358e-06,3.149397889501415e-05,0.000293999066343531,0.00010901426139753312,0.00046265096170827746,,,,,,,,,,,,
59,9309,1.0,1.0,1.0,1.0,1.0,1.0,0.00022635287314187735,2.967908585560508e-06,3.138521788059734e-05,0.0003936224093195051,0.0001431428245268762,0.0005606460617855191,,,,,,,,,,,,
59,9319,1.0,1.0,1.0,1.0,1.0,1.0,0.00017552690405864269,6.479428066086257e-06,3.5503860999597237e-05,0.0002394138864474371,0.00014103703142609447,0.0004552003520075232,,,,,,,,,,,,
59,9329,1.0,1.0,1.0,1.0,1.0,1.0,0.00020815306925214827,1.0722046681621578e-05,3.272426329203881e-05,0.00026037596398964524,0.00019757775589823723,0.0005393653409555554,,,,,,,,,,,,
59,9339,1.0,1.0,1.0,1.0,1.0,1.0,0.00018936429114546627,3.500559614622034e-06,5.03560877405107e-05,0.0002808543504215777,0.00011855313641717657,0.0004935572505928576,,,,,,,,,,,,
59,9349,1.0,1.0,1.0,1.0,1.0,1.0,0.00019498582696542144,2.999572870976408e-06,3.237196506233886e-05,0.00020588801999110729,0.00014054178609512746,0.0005931277992203832,,,,,,,,,,,,
59,9359,1.0,1.0,1.0,1.0,1.0,1.0,0.00028820690931752324,2.4776718419161625e-06,4.230854756315239e-05,0.0006508987862616777,0.0001345584896625951,0.0006107910303398967,,,,,,,,,,,,
59,9369,1.0,1.0,1.0,1.0,1.0,1.0,0.00021448078041430563,2.695589728318737e-06,4.128548607695848e-05,0.00030092516681179404,0.0002295819140272215,0.0004979157238267362,,,,,,,,,,,,
59,9379,1.0,1.0,1.0,1.0,1.0,1.0,0.00017098004173021764,2.143145138688851e-06,3.1222691177390516e-05,0.00015960993187036365,0.00012851883366238326,0.0005334056331776083,,,,,,,,,,,,
59,9389,1.0,1.0,1.0,1.0,1.0,1.0,0.00017967734311241657,6.873645361338276e-06,3.0321065423777327e-05,0.00023552837956231087,0.00013322847371455282,0.0004924351233057678,,,,,,,,,,,,
59,9399,1.0,1.0,1.0,1.0,1.0,1.0,0.00021902933076489717,2.8196495804877486e-06,4.339112274465151e-05,0.00028200639644637704,0.00016880553448572755,0.0005981239955872297,,,,,,,,,,,,
59,9409,1.0,1.0,1.0,1.0,1.0,1.0,0.0001984685513889417,2.7466237497719703e-06,5.6422752095386386e-05,0.00021677736367564648,0.00014416378689929843,0.000572232180275023,,,,,,,,,,,,
59,9419,1.0,1.0,1.0,1.0,1.0,1.0,0.00032510110759176314,1.4185844747771625e-06,4.59451912320219e-05,0.0004735143738798797,0.00033994761179201305,0.0007646796875633299,,,,,,,,,,,,
59,9419,,,,,,,,,,,,,0.9999799728393555,0.999049723148346,0.9783298969268799,0.9811199903488159,0.9459600448608398,0.9808878302574158,0.08564646542072296,0.00011755617015296593,0.005729071330279112,0.09439434111118317,0.09087032079696655,0.23712113499641418
60,9429,1.0,1.0,1.0,1.0,1.0,1.0,0.00031147003755904734,2.567437604739098e-06,3.963585550081916e-05,0.00047630403423681855,0.0002980105928145349,0.0007408322999253869,,,,,,,,,,,,
60,9439,1.0,1.0,1.0,1.0,1.0,1.0,0.0001844778744271025,2.1707114683522377e-06,2.2801208615419455e-05,0.00022372631065081805,8.353357407031581e-05,0.0005901575204916298,,,,,,,,,,,,
60,9449,1.0,1.0,1.0,1.0,1.0,1.0,0.00018814766372088343,8.430467460129876e-06,3.289653250249103e-05,0.0003137835883535445,0.00013536395272240043,0.00045026378938928246,,,,,,,,,,,,
60,9459,1.0,1.0,1.0,1.0,1.0,1.0,0.000244357215706259,5.138457709108479e-06,5.228629015618935e-05,0.0003718698280863464,0.0002452290500514209,0.0005472623743116856,,,,,,,,,,,,
60,9469,1.0,1.0,1.0,1.0,1.0,1.0,0.0001435011945432052,2.270173808938125e-06,3.0292163501144387e-05,0.00017638281860854477,0.00014906896103639156,0.0003594917943701148,,,,,,,,,,,,
60,9479,1.0,1.0,1.0,1.0,1.0,1.0,0.00021323961846064776,2.5007595922943437e-06,2.4674067390151322e-05,0.00025694724172353745,0.00018403882859274745,0.0005980372079648077,,,,,,,,,,,,
60,9489,1.0,1.0,1.0,1.0,1.0,1.0,0.0001756285928422585,3.1623505947209196e-06,3.781937266467139e-05,0.00018829895998351276,0.00013869990652892739,0.0005101623828522861,,,,,,,,,,,,
60,9499,1.0,1.0,1.0,1.0,1.0,1.0,0.00016096934268716723,3.054697344850865e-06,2.9133170755812898e-05,0.00020279113959986717,6.312409095698968e-05,0.0005067436140961945,,,,,,,,,,,,
60,9509,1.0,1.0,1.0,1.0,1.0,1.0,0.00016942128422670066,4.289216121833306e-06,2.9407126930891536e-05,0.0002554845414124429,0.00012701566447503865,0.0004309098294470459,,,,,,,,,,,,
60,9519,1.0,1.0,1.0,1.0,1.0,1.0,0.00018926546908915043,3.029670097021153e-06,2.653490264492575e-05,0.00027382088592275977,0.0001707055780570954,0.00047223627916537225,,,,,,,,,,,,
60,9529,1.0,1.0,1.0,1.0,1.0,1.0,0.00014932197518646717,3.9366855162370484e-06,3.764866050914861e-05,0.00018544112390372902,0.00010879539331654087,0.0004107879940420389,,,,,,,,,,,,
60,9539,1.0,1.0,1.0,1.0,1.0,1.0,0.00021950170048512518,1.2300530215725303e-05,9.3304697657004e-05,0.0002655764401424676,0.00018660372006706893,0.0005397230270318687,,,,,,,,,,,,
60,9549,1.0,1.0,1.0,1.0,1.0,1.0,0.00014568748883903027,4.195754172542365e-06,4.26773440267425e-05,0.00021263898815959692,0.00011231844837311655,0.00035660690627992153,,,,,,,,,,,,
60,9559,1.0,1.0,1.0,1.0,1.0,1.0,0.0001781983010005206,2.015743348238175e-06,1.869020525191445e-05,0.000335520162479952,0.00011269073002040386,0.000422074634116143,,,,,,,,,,,,
60,9569,1.0,1.0,1.0,1.0,1.0,1.0,0.00025058159371837974,2.1949126676190645e-06,3.27731941069942e-05,0.0003902362659573555,0.00018017276306636631,0.0006475307745859027,,,,,,,,,,,,
60,9576,,,,,,,,,,,,,0.9999699592590332,0.9991596937179565,0.9801201224327087,0.9826298952102661,0.9476900100708008,0.9819138646125793,0.07983497530221939,0.00012147692177677527,0.00486820749938488,0.08485917747020721,0.0823047012090683,0.22702138125896454
61,9579,1.0,1.0,1.0,1.0,1.0,1.0,0.00020255659183021635,4.680607617046917e-06,2.9903338145231828e-05,0.0003427846822887659,0.000225503186811693,0.00040991109563037753,,,,,,,,,,,,
61,9589,1.0,1.0,1.0,1.0,1.0,1.0,0.0002797551569528878,2.054482820312842e-06,2.55231570918113e-05,0.00032645167084410787,0.0002673614944797009,0.000777384964749217,,,,,,,,,,,,
61,9599,1.0,1.0,1.0,1.0,1.0,1.0,0.0001590330939507112,2.7820226478070254e-06,3.959743116865866e-05,0.00030522007727995515,0.00011131021892651916,0.0003362556453794241,,,,,,,,,,,,
61,9609,1.0,1.0,1.0,1.0,1.0,1.0,0.0001920196518767625,2.6259290279995184e-06,2.755249988695141e-05,0.0002595052064862102,0.00014812238805461675,0.0005222922191023827,,,,,,,,,,,,
61,9619,1.0,1.0,1.0,1.0,1.0,1.0,0.00012929437798447907,3.3689484553178772e-06,1.6337706256308593e-05,0.0001923281524796039,8.223183976951987e-05,0.0003522051847539842,,,,,,,,,,,,
61,9629,1.0,1.0,1.0,1.0,1.0,1.0,0.00021375948563218117,5.553346454689745e-06,3.065693817916326e-05,0.0002427780709695071,0.00010635538637870923,0.0006834537489339709,,,,,,,,,,,,
61,9639,1.0,1.0,1.0,1.0,1.0,1.0,0.00015361564874183387,3.2956863833533134e-06,3.667326382128522e-05,0.00023278454318642616,0.00010154999472433701,0.0003937747678719461,,,,,,,,,,,,
61,9649,1.0,1.0,1.0,1.0,1.0,1.0,0.00015953081310726702,2.087263510475168e-06,2.5004541384987533e-05,0.00022649015591014177,0.00010187025327468291,0.0004422017955221236,,,,,,,,,,,,
61,9659,1.0,1.0,1.0,1.0,1.0,1.0,0.00022324756719172,1.2227809747855645e-05,5.5219163186848164e-05,0.00029632181394845247,0.00016551671433262527,0.0005869523156434298,,,,,,,,,,,,
61,9669,1.0,1.0,1.0,1.0,1.0,1.0,0.00013391840911936015,2.5666909095889423e-06,2.3722283003735356e-05,0.00023600648273713887,0.00011205292685190216,0.00029524366254918277,,,,,,,,,,,,
61,9679,1.0,1.0,1.0,1.0,1.0,1.0,0.00014641360030509531,2.9186335268605035e-06,2.6060541131300852e-05,0.00018612021813169122,8.331438584718853e-05,0.00043365414603613317,,,,,,,,,,,,
61,9689,1.0,1.0,1.0,1.0,1.0,1.0,0.00015064113540574908,2.23515962716192e-06,2.9619521228596568e-05,0.0002683536149561405,0.00011673774861264974,0.0003362596617080271,,,,,,,,,,,,
61,9699,1.0,1.0,1.0,1.0,1.0,1.0,0.00019352868548594415,3.4424344903527526e-06,2.3420745492330752e-05,0.0003478236903902143,0.00012070874072378501,0.00047224777517840266,,,,,,,,,,,,
61,9709,1.0,1.0,1.0,1.0,1.0,1.0,0.0002103650913340971,2.557391781010665e-06,5.4131251090439036e-05,0.00022760855790693313,0.00013569300062954426,0.000631835195235908,,,,,,,,,,,,
61,9719,1.0,1.0,1.0,1.0,1.0,1.0,0.00016095514001790434,3.1515598948317347e-06,3.768341412069276e-05,0.00019192250329069793,0.00012923743634019047,0.00044278078712522984,,,,,,,,,,,,
61,9729,1.0,1.0,1.0,1.0,1.0,1.0,0.00017828261479735374,3.9434462451026775e-06,3.2748816011007875e-05,0.00034587946720421314,0.00013044326624367386,0.00037839807919226587,,,,,,,,,,,,
61,9733,,,,,,,,,,,,,0.9999599456787109,0.9990396499633789,0.9801300168037415,0.9825899600982666,0.9474000334739685,0.9818241000175476,0.08126548677682877,0.0001279168063774705,0.005782163701951504,0.08727613091468811,0.08281402289867401,0.23032723367214203
62,9739,1.0,1.0,1.0,1.0,1.0,1.0,0.00017606392793823034,2.1088484572828747e-05,4.05867540393956e-05,0.00023566590971313417,0.00016794257680885494,0.0004150359018240124,,,,,,,,,,,,
62,9749,1.0,1.0,1.0,1.0,1.0,1.0,0.0002822527021635324,3.2863972592167556e-06,3.373035360709764e-05,0.0005019712261855602,0.0002242687187390402,0.000648006796836853,,,,,,,,,,,,
62,9759,1.0,1.0,1.0,1.0,1.0,1.0,0.00014772538270335644,2.8207421109982533e-06,2.9130362236173823e-05,0.00024223937361966819,0.00013618978846352547,0.00032824662048369646,,,,,,,,,,,,
62,9769,1.0,1.0,1.0,1.0,1.0,1.0,0.0001281679142266512,2.05373544304166e-06,5.052990672993474e-05,0.00019635392527561635,0.0001058368943631649,0.0002860651002265513,,,,,,,,,,,,
62,9779,1.0,1.0,1.0,1.0,1.0,1.0,0.00011846356937894598,2.5026299681485398e-06,3.005139296874404e-05,0.00017799176566768438,0.00010241424752166495,0.000279357802355662,,,,,,,,,,,,
62,9789,1.0,1.0,1.0,1.0,1.0,1.0,0.0002039787359535694,2.8509336971183075e-06,2.7371555916033685e-05,0.0003801523707807064,0.0001292033848585561,0.00048031541518867016,,,,,,,,,,,,
62,9799,1.0,1.0,1.0,1.0,1.0,1.0,0.00018772440671455115,5.338311439118115e-06,1.7261894754483365e-05,0.00021662125072907656,0.0001816006697481498,0.000517799926456064,,,,,,,,,,,,
62,9809,1.0,1.0,1.0,1.0,1.0,1.0,0.0001365352509310469,2.742161541391397e-06,3.6904672015225515e-05,0.00021152030967641622,0.0001119624575949274,0.00031954661244526505,,,,,,,,,,,,
62,9819,1.0,1.0,1.0,1.0,1.0,1.0,0.00015426155005116016,2.6423094823257998e-06,1.699672793620266e-05,0.00018772640032693744,0.00014972328790463507,0.00041421898640692234,,,,,,,,,,,,
62,9829,1.0,1.0,1.0,1.0,1.0,1.0,0.00017756357556208968,2.320461135241203e-06,2.095260060741566e-05,0.0003474662371445447,7.948708662297577e-05,0.0004375915159471333,,,,,,,,,,,,
62,9839,1.0,1.0,1.0,1.0,1.0,1.0,0.00018560739408712834,1.1567873116291594e-05,4.510273356572725e-05,0.00023452925961464643,0.000208808429306373,0.00042802869575098157,,,,,,,,,,,,
62,9849,1.0,1.0,1.0,1.0,1.0,1.0,0.00011603823077166453,1.6435903944511665e-06,1.9448381863185205e-05,0.00015561554755549878,4.726786573883146e-05,0.00035621575079858303,,,,,,,,,,,,
62,9859,1.0,1.0,1.0,1.0,1.0,1.0,0.00020728442177642137,3.865497092192527e-06,2.6370320483692922e-05,0.0003934437991119921,0.00014375893806573004,0.0004689835477620363,,,,,,,,,,,,
62,9869,1.0,1.0,1.0,1.0,1.0,1.0,0.00018784095300361514,9.183992006001063e-06,3.2405681849922985e-05,0.0002556176041252911,0.00014553841901943088,0.0004964590771123767,,,,,,,,,,,,
62,9879,1.0,1.0,1.0,1.0,1.0,1.0,0.00021002833091188222,5.533804596780101e-06,6.92405374138616e-05,0.0003168544499203563,0.00021071005903650075,0.0004478027985896915,,,,,,,,,,,,
62,9889,1.0,1.0,1.0,1.0,1.0,1.0,0.00017987603496294469,2.838257387338672e-06,2.4389993996010162e-05,0.00039222807390615344,0.00013019039761275053,0.0003497334837447852,,,,,,,,,,,,
62,9890,,,,,,,,,,,,,0.9999699592590332,0.9989796876907349,0.9790500402450562,0.9820598363876343,0.9449598789215088,0.9810039401054382,0.08751032501459122,0.00013762830349151045,0.006143455393612385,0.09443353861570358,0.08822076767683029,0.24861618876457214
63,9899,1.0,1.0,1.0,1.0,1.0,1.0,0.0002079220284940675,1.9889116629201453e-06,2.08284254767932e-05,0.0005082772113382816,6.845113239251077e-05,0.0004400644393172115,,,,,,,,,,,,
63,9909,1.0,1.0,1.0,1.0,1.0,1.0,0.00023203602177090943,1.6178930309251882e-05,3.5276087146485224e-05,0.0003415376995690167,0.00014816767361480743,0.0006190196727402508,,,,,,,,,,,,
63,9919,1.0,1.0,0.996874988079071,1.0,1.0,0.9993749856948853,0.0012305759591981769,2.102158759953454e-06,4.3015759729314595e-05,0.0031333346851170063,0.00025996012846007943,0.002714466769248247,,,,,,,,,,,,
63,9929,1.0,0.996874988079071,0.9937500357627869,0.996874988079071,0.9750000238418579,0.9925000071525574,0.026705831289291382,0.0004532076418399811,0.006480691023170948,0.031225701794028282,0.011262314394116402,0.08410724997520447,,,,,,,,,,,,
63,9939,1.0,0.996874988079071,0.971875011920929,0.987500011920929,0.9750000238418579,0.9862500429153442,0.05485079437494278,0.0001988533476833254,0.016273878514766693,0.12543419003486633,0.03983402997255325,0.09251303970813751,,,,,,,,,,,,
63,9949,1.0,1.0,0.987500011920929,0.9937500357627869,0.9906250238418579,0.9943750500679016,0.019569842144846916,4.0077433368423954e-05,0.000721408927347511,0.04470617324113846,0.014724691398441792,0.03765685111284256,,,,,,,,,,,,
63,9959,1.0,0.9937500357627869,0.981249988079071,0.996874988079071,0.981249988079071,0.9906250238418579,0.027560440823435783,0.00021144926722627133,0.01207725889980793,0.043620701879262924,0.024112191051244736,0.05778059363365173,,,,,,,,,,,,
63,9969,1.0,0.996874988079071,1.0,0.984375,0.9937500357627869,0.9950000047683716,0.014186969958245754,0.002185760997235775,0.006246140226721764,0.008972360752522945,0.03803200274705887,0.01549858320504427,,,,,,,,,,,,
63,9979,1.0,1.0,0.996874988079071,0.996874988079071,0.9937500357627869,0.9975000619888306,0.009703989140689373,0.00010991284216288477,0.002911078277975321,0.014111896976828575,0.018178222700953484,0.013208834454417229,,,,,,,,,,,,
63,9989,1.0,1.0,1.0,1.0,0.996874988079071,0.9993749856948853,0.0032018348574638367,9.984131611417979e-05,0.0006124250940047204,0.006268070545047522,0.0011900748359039426,0.007838761433959007,,,,,,,,,,,,
63,9999,1.0,1.0,1.0,1.0,1.0,1.0,0.001397918676957488,1.268081359739881e-05,0.00039099165587686,0.001815900206565857,0.0006390745402313769,0.004130946006625891,,,,,,,,,,,,
63,10009,1.0,1.0,1.0,1.0,1.0,1.0,0.0014544253936037421,2.116794894391205e-05,0.00029631119105033576,0.001352600404061377,0.0007844289066269994,0.004817618057131767,,,,,,,,,,,,
63,10019,1.0,1.0,1.0,1.0,1.0,1.0,0.0009076441056095064,5.4121610446600243e-05,0.00025147019186988473,0.0013055350864306092,0.0006340256659314036,0.0022930679842829704,,,,,,,,,,,,
63,10029,1.0,1.0,1.0,1.0,0.996874988079071,0.9993749856948853,0.0029103064443916082,1.3852053598384373e-05,0.0001552410249132663,0.0013482009526342154,0.0010350145166739821,0.011999223381280899,,,,,,,,,,,,
63,10039,1.0,1.0,1.0,1.0,1.0,1.0,0.0009340584510937333,2.3208298443933018e-05,0.00012175558367744088,0.0016338020795956254,0.000893685850314796,0.0019978401251137257,,,,,,,,,,,,
63,10047,,,,,,,,,,,,,0.9999899864196777,0.9994698166847229,0.9821099042892456,0.984760046005249,0.9515398740768433,0.9835739135742188,0.06536834686994553,5.654578853864223e-05,0.002349995542317629,0.07028994709253311,0.05989360809326172,0.19425155222415924
64,10049,1.0,1.0,1.0,1.0,1.0,1.0,0.0006892150267958641,2.872577533707954e-05,9.91563283605501e-05,0.001043359050527215,0.0006373200449161232,0.0016375139821320772,,,,,,,,,,,,
64,10059,1.0,1.0,1.0,1.0,1.0,1.0,0.0007455747108906507,1.3926280189480167e-05,0.0001310381048824638,0.0013433920685201883,0.0006559573812410235,0.0015835596714168787,,,,,,,,,,,,
64,10069,1.0,1.0,1.0,1.0,1.0,1.0,0.0007458676118403673,1.0145880878553726e-05,9.748578304424882e-05,0.0015228476841002703,0.000470461935037747,0.001628396799787879,,,,,,,,,,,,
64,10079,1.0,1.0,1.0,1.0,1.0,1.0,0.0007882709032855928,1.5131501641008072e-05,0.00014394699246622622,0.0005089030601084232,0.0004658518882934004,0.002807521028444171,,,,,,,,,,,,
64,10089,1.0,1.0,1.0,1.0,1.0,1.0,0.0004663900181185454,2.238568413304165e-05,8.56660699355416e-05,0.0006508344667963684,0.00021909168572165072,0.0013539721257984638,,,,,,,,,,,,
64,10099,1.0,1.0,1.0,1.0,1.0,1.0,0.0006223423988558352,1.0374185876571573e-05,8.948447793954983e-05,0.0007273947121575475,0.00039954198291525245,0.001884916564449668,,,,,,,,,,,,
64,10109,1.0,1.0,1.0,1.0,1.0,1.0,0.0005448276060633361,8.1668031270965e-06,0.00016770654474385083,0.0008619537693448365,0.0002786752302199602,0.0014076355146244168,,,,,,,,,,,,
64,10119,1.0,1.0,1.0,1.0,1.0,1.0,0.0006503465701825917,2.95485915557947e-05,0.00010233314242213964,0.000748554477468133,0.0004453691653907299,0.0019259273540228605,,,,,,,,,,,,
64,10129,1.0,1.0,1.0,1.0,1.0,1.0,0.0005747804534621537,1.303885983361397e-05,0.0001473979209549725,0.0007302166195586324,0.0003219849313609302,0.001661263988353312,,,,,,,,,,,,
64,10139,1.0,1.0,1.0,1.0,1.0,1.0,0.000445543322712183,5.3006991947768256e-05,9.414924716111273e-05,0.0006225085817277431,0.00022712102509103715,0.0012309306766837835,,,,,,,,,,,,
64,10149,1.0,1.0,1.0,1.0,1.0,1.0,0.00035700402804650366,1.756318670231849e-05,0.00013180976384319365,0.0006094935815781355,0.00030596822034567595,0.0007201853441074491,,,,,,,,,,,,
64,10159,1.0,1.0,1.0,1.0,1.0,1.0,0.0005731455166824162,6.988243058003718e-06,5.5942346079973504e-05,0.0009133929270319641,0.0003174236335325986,0.0015719805378466845,,,,,,,,,,,,
64,10169,1.0,1.0,1.0,1.0,1.0,1.0,0.0003416665131226182,8.253630767285358e-06,7.477122562704608e-05,0.00046192301670089364,0.00044799334136769176,0.0007153913611546159,,,,,,,,,,,,
64,10179,1.0,1.0,1.0,1.0,1.0,1.0,0.0006416562828235328,1.0956536243611481e-05,0.00019100730423815548,0.0008222513133659959,0.0006100849714130163,0.0015739814843982458,,,,,,,,,,,,
64,10189,1.0,1.0,1.0,1.0,1.0,1.0,0.0005059182876721025,1.683993832557462e-05,0.00017059518722817302,0.0009839502163231373,0.00029910760349594057,0.0010590982856228948,,,,,,,,,,,,
64,10199,1.0,1.0,1.0,1.0,1.0,1.0,0.0002890494652092457,4.330886895331787e-06,7.27025544620119e-05,0.0004948308342136443,0.00020706206851173192,0.0006663209060207009,,,,,,,,,,,,
64,10204,,,,,,,,,,,,,1.0,0.999339759349823,0.9828701615333557,0.9869300127029419,0.9543401002883911,0.9846959710121155,0.061748962849378586,3.4602588129928336e-05,0.003764296416193247,0.06899973750114441,0.05451665818691254,0.18142955005168915
65,10209,1.0,1.0,1.0,1.0,1.0,1.0,0.000325944711221382,2.464067074470222e-05,7.472545985365286e-05,0.0003671417653094977,0.000198003210243769,0.0009652123553678393,,,,,,,,,,,,
65,10219,1.0,1.0,1.0,1.0,1.0,1.0,0.0003740194661077112,1.0858156201720703e-05,8.666910434840247e-05,0.0007151944446377456,0.00026264984626322985,0.0007947257836349308,,,,,,,,,,,,
65,10229,1.0,1.0,1.0,1.0,1.0,1.0,0.0003326373698655516,1.3846632100467104e-05,9.65048820944503e-05,0.0006918003200553358,0.000248788419412449,0.0006122465129010379,,,,,,,,,,,,
65,10239,1.0,1.0,1.0,1.0,1.0,1.0,0.0003732311597559601,1.1491812983877026e-05,6.804230361012742e-05,0.0006451814551837742,0.0002657690201885998,0.0008756712195463479,,,,,,,,,,,,
65,10249,1.0,1.0,1.0,1.0,1.0,1.0,0.00034227228024974465,5.039383268012898e-06,9.425861935596913e-05,0.0004906714311800897,0.0002506213204469532,0.0008707706001587212,,,,,,,,,,,,
65,10259,1.0,1.0,1.0,1.0,1.0,1.0,0.0003549763059709221,9.434949788555969e-06,6.686917913611978e-05,0.0006078901351429522,0.00035578172537498176,0.0007349054212681949,,,,,,,,,,,,
65,10269,1.0,1.0,1.0,1.0,1.0,1.0,0.00035184560692869127,9.508894436294213e-06,8.13726001069881e-05,0.0005303147481754422,0.00033191125839948654,0.0008061205735430121,,,,,,,,,,,,
65,10279,1.0,1.0,1.0,1.0,1.0,1.0,0.0005575686227530241,8.223980330512859e-06,0.00010055685561383143,0.0005953151267021894,0.00034372060326859355,0.0017400265205651522,,,,,,,,,,,,
65,10289,1.0,1.0,1.0,1.0,1.0,1.0,0.00043533649295568466,1.1019308658433147e-05,0.00010311036749044433,0.0006254034233279526,0.00031772529473528266,0.0011194241233170033,,,,,,,,,,,,
65,10299,1.0,1.0,1.0,1.0,1.0,1.0,0.00025882796035148203,5.525108463189099e-06,5.8473429817240685e-05,0.00042446027509868145,0.00015980018361005932,0.0006458808784373105,,,,,,,,,,,,
65,10309,1.0,1.0,1.0,1.0,1.0,1.0,0.000393706897739321,7.5593634392134845e-06,5.076090383226983e-05,0.0006198835908435285,0.000452153297374025,0.000838177278637886,,,,,,,,,,,,
65,10319,1.0,1.0,1.0,1.0,1.0,1.0,0.0003102419141214341,8.63889727042988e-06,0.00012725200213026255,0.0005697185988537967,0.0002719301264733076,0.0005736697348766029,,,,,,,,,,,,
65,10329,1.0,1.0,1.0,1.0,1.0,1.0,0.0003286363207735121,1.0906270290433895e-05,5.724078437197022e-05,0.0005489746108651161,0.00029120480758138,0.0007348550716415048,,,,,,,,,,,,
65,10339,1.0,1.0,1.0,1.0,1.0,1.0,0.00039515510434284806,6.414256404241314e-06,7.684395677642897e-05,0.0005752772558480501,0.0005293594440445304,0.0007878805627115071,,,,,,,,,,,,
65,10349,1.0,1.0,1.0,1.0,1.0,1.0,0.0002550935896579176,4.023956535093021e-06,0.00011747110693249851,0.00042010052129626274,0.00023785927623976022,0.0004960130900144577,,,,,,,,,,,,
65,10359,1.0,1.0,1.0,1.0,1.0,1.0,0.0002568719210103154,4.610292762663448e-06,4.504941898630932e-05,0.0004193293862044811,0.00022114592138677835,0.0005942245479673147,,,,,,,,,,,,
65,10361,,,,,,,,,,,,,1.0,0.9992398023605347,0.9830499887466431,0.9868900179862976,0.9547898769378662,0.9847939014434814,0.0633879005908966,2.9064147383905947e-05,0.004276987165212631,0.07087386399507523,0.05656895041465759,0.18519067764282227
66,10369,1.0,1.0,1.0,1.0,1.0,1.0,0.00022643756528850645,3.331065045131254e-06,7.351090607699007e-05,0.0002977459516841918,0.00017915762146003544,0.000578442239202559,,,,,,,,,,,,
66,10379,1.0,1.0,1.0,1.0,1.0,1.0,0.0003721027751453221,8.06838033895474e-06,5.705926378141157e-05,0.0004818327142857015,0.00033918986446224153,0.0009743636474013329,,,,,,,,,,,,
66,10389,1.0,1.0,1.0,1.0,1.0,1.0,0.00025427178479731083,8.04256160336081e-06,0.00011650416854536161,0.0003357982204761356,0.00026880294899456203,0.000542210997082293,,,,,,,,,,,,
66,10399,1.0,1.0,1.0,1.0,1.0,1.0,0.0004419608158059418,8.787212209426798e-06,0.00014223209291230887,0.0009949866216629744,0.00037579951458610594,0.0006879987195134163,,,,,,,,,,,,
66,10409,1.0,1.0,1.0,1.0,1.0,1.0,0.00038401546771638095,4.389745299704373e-06,5.93158692936413e-05,0.0005869593587704003,0.00022272307251114398,0.0010466892272233963,,,,,,,,,,,,
66,10419,1.0,1.0,1.0,1.0,1.0,1.0,0.0003106086514890194,7.399828064080793e-06,9.506551577942446e-05,0.0005713494028896093,0.000296104873996228,0.0005831237067468464,,,,,,,,,,,,
66,10429,1.0,1.0,1.0,1.0,1.0,1.0,0.0002656927681528032,8.509070539730601e-06,5.049778337706812e-05,0.0003788527683354914,0.00025915566948242486,0.000631448463536799,,,,,,,,,,,,
66,10439,1.0,1.0,1.0,1.0,1.0,1.0,0.00036591856041923165,4.364075266494183e-06,5.638595393975265e-05,0.0005727858515456319,0.00020129125914536417,0.000994765548966825,,,,,,,,,,,,
66,10449,1.0,1.0,1.0,1.0,1.0,1.0,0.0004213455249555409,4.239293048158288e-06,0.00011976810492342338,0.0005571736255660653,0.00020992934878449887,0.0012156171724200249,,,,,,,,,,,,
66,10459,1.0,1.0,1.0,1.0,1.0,1.0,0.00025299331173300743,4.678091954701813e-06,6.538210436701775e-05,0.0003716472419910133,0.0003015053807757795,0.0005217537400312722,,,,,,,,,,,,
66,10469,1.0,1.0,1.0,1.0,1.0,1.0,0.0002453358320053667,6.855668289063033e-06,6.296495121205226e-05,0.0002732592402026057,0.00018146479851566255,0.0007021345081739128,,,,,,,,,,,,
66,10479,1.0,1.0,1.0,1.0,1.0,1.0,0.00022323713346850127,4.776421064889291e-06,8.487051673000678e-05,0.0002880977117456496,0.0001792848779587075,0.0005591562367044389,,,,,,,,,,,,
66,10489,1.0,1.0,1.0,1.0,1.0,1.0,0.00017157301772385836,4.346530204202281e-06,3.593409564928152e-05,0.0002327692200196907,0.00010287080658599734,0.0004819444438908249,,,,,,,,,,,,
66,10499,1.0,1.0,1.0,1.0,1.0,1.0,0.0003002176235895604,3.406347332202131e-06,9.744819544721395e-05,0.000435421708971262,0.0003598711919039488,0.0006049405201338232,,,,,,,,,,,,
66,10509,1.0,1.0,1.0,1.0,1.0,1.0,0.00024960117298178375,5.9534954743867274e-06,8.919925312511623e-05,0.00035548576852306724,0.0002532923244871199,0.0005440748645924032,,,,,,,,,,,,
66,10518,,,,,,,,,,,,,1.0,0.9991598129272461,0.9828597903251648,0.9863799214363098,0.9551800489425659,0.9847159385681152,0.06469804793596268,3.588242543628439e-05,0.004907581955194473,0.07268016040325165,0.05963113531470299,0.1862354874610901
67,10519,1.0,1.0,1.0,1.0,1.0,1.0,0.00018915759574156255,7.343441211560275e-06,4.950812945025973e-05,0.00029009272111579776,0.00021033776283729821,0.00038850586861371994,,,,,,,,,,,,
67,10529,1.0,1.0,1.0,1.0,1.0,1.0,0.00032490669400431216,5.163480636838358e-06,5.787747068097815e-05,0.00038626702735200524,0.0002865463902708143,0.0008886790019460022,,,,,,,,,,,,
67,10539,1.0,1.0,1.0,1.0,1.0,1.0,0.0002700760669540614,7.129888217605185e-06,4.401272599352524e-05,0.000375314470147714,0.00021919382561463863,0.0007047293474897742,,,,,,,,,,,,
67,10549,1.0,1.0,1.0,1.0,1.0,1.0,0.00037133481237106025,9.4055712906993e-06,0.0001595748617546633,0.0005690330872312188,0.00030630940455012023,0.0008123510633595288,,,,,,,,,,,,
67,10559,1.0,1.0,1.0,1.0,1.0,1.0,0.00025489009567536414,5.302013050823007e-06,7.952708983793855e-05,0.00036802073009312153,0.0001679722627159208,0.000653628318104893,,,,,,,,,,,,
67,10569,1.0,1.0,1.0,1.0,1.0,1.0,0.00020396398031152785,3.436124870859203e-06,2.7733471142710187e-05,0.00036115117836743593,0.00012558299931697547,0.0005019161035306752,,,,,,,,,,,,
67,10579,1.0,1.0,1.0,1.0,1.0,1.0,0.00023478186631109565,7.522704891016474e-06,6.256024062167853e-05,0.00028753880178555846,0.00029486368293873966,0.0005214238772168756,,,,,,,,,,,,
67,10589,1.0,1.0,1.0,1.0,1.0,1.0,0.00020748647511936724,1.03061256595538e-05,4.5495820813812315e-05,0.0002898906823247671,0.00019438190793152899,0.0004973577451892197,,,,,,,,,,,,
67,10599,1.0,1.0,1.0,1.0,1.0,1.0,0.00024771573953330517,4.755221652885666e-06,4.436671588337049e-05,0.00033840013202279806,0.00020784515072591603,0.0006432114169001579,,,,,,,,,,,,
67,10609,1.0,1.0,1.0,1.0,1.0,1.0,0.00026855929172597826,2.4370547180296853e-06,3.740779357030988e-05,0.0003420417779125273,0.0002889127645175904,0.0006719971424899995,,,,,,,,,,,,
67,10619,1.0,1.0,1.0,1.0,1.0,1.0,0.00023304732167162,5.355493613024009e-06,5.950338163529523e-05,0.0003846424224320799,0.0001934779720613733,0.0005222572362981737,,,,,,,,,,,,
67,10629,1.0,1.0,1.0,1.0,1.0,1.0,0.00028121843934059143,3.861220648104791e-06,4.64896802441217e-05,0.0003895843983627856,0.00024194044817704707,0.0007242163992486894,,,,,,,,,,,,
67,10639,1.0,1.0,1.0,1.0,1.0,1.0,0.00020552681235130876,4.692026323027676e-06,5.001213139621541e-05,0.00035139682586304843,0.00012491960660554469,0.0004966134438291192,,,,,,,,,,,,
67,10649,1.0,1.0,1.0,1.0,1.0,1.0,0.00012979161692783237,2.384911113040289e-06,3.1141935323830694e-05,0.0001492268347647041,9.962782496586442e-05,0.0003665765980258584,,,,,,,,,,,,
67,10659,1.0,1.0,1.0,1.0,1.0,1.0,0.0002891815092880279,7.243339496199042e-06,5.407864227890968e-05,0.00039243101491592824,0.00026532914489507675,0.0007268253830261528,,,,,,,,,,,,
67,10669,1.0,1.0,1.0,1.0,1.0,1.0,0.00033182385959662497,4.857638941757614e-06,9.16937060537748e-05,0.0005075694061815739,0.00022858106240164489,0.0008264173520728946,,,,,,,,,,,,
67,10675,,,,,,,,,,,,,1.0,0.9990797638893127,0.9828100204467773,0.9859800338745117,0.9552699327468872,0.9846278429031372,0.06676319241523743,3.977584492531605e-05,0.005499562714248896,0.07508944720029831,0.0620570033788681,0.1911301165819168
68,10679,1.0,1.0,1.0,1.0,1.0,1.0,0.000267071183770895,5.554085873882286e-06,8.915215585147962e-05,0.0003254676121287048,0.00022797667770646513,0.0006872053490951657,,,,,,,,,,,,
68,10689,1.0,1.0,1.0,1.0,1.0,1.0,0.0002694607537705451,4.987623015040299e-06,7.398736488539726e-05,0.0003864742466248572,0.00020009484433103353,0.0006817596731707454,,,,,,,,,,,,
68,10699,1.0,1.0,1.0,1.0,1.0,1.0,0.00022435840219259262,5.889871317776851e-06,4.256598185747862e-05,0.0003101229667663574,0.0002397061325609684,0.0005235070129856467,,,,,,,,,,,,
68,10709,1.0,1.0,1.0,1.0,1.0,1.0,0.00020154025696683675,4.99408724863315e-06,5.826530832564458e-05,0.00034721390693448484,0.00018473973614163697,0.0004124882980249822,,,,,,,,,,,,
68,10719,1.0,1.0,1.0,1.0,1.0,1.0,0.00017973965441342443,3.5162343010597397e-06,4.098068893654272e-05,0.00019898870959877968,0.00019678776152431965,0.0004584248235914856,,,,,,,,,,,,
68,10729,1.0,1.0,1.0,1.0,1.0,1.0,0.00020029574807267636,3.918178208550671e-06,5.968963887426071e-05,0.0002186736965086311,0.0002055562799796462,0.0005136409890837967,,,,,,,,,,,,
68,10739,1.0,1.0,1.0,1.0,1.0,1.0,0.00019331810472067446,1.0225890036963392e-05,7.240504783112556e-05,0.0003112933482043445,0.00013584787666331977,0.0004368182853795588,,,,,,,,,,,,
68,10749,1.0,1.0,1.0,1.0,1.0,1.0,0.0001984838891075924,4.072965111845406e-06,4.642902058549225e-05,0.0003695136692840606,0.00017035639029927552,0.00040204738616012037,,,,,,,,,,,,
68,10759,1.0,1.0,1.0,1.0,1.0,1.0,0.0002086525346385315,2.9578366138593992e-06,7.347477367147803e-05,0.00036024354631081223,9.849551133811474e-05,0.0005080910632386804,,,,,,,,,,,,
68,10769,1.0,1.0,1.0,1.0,1.0,1.0,0.00029235982219688594,4.806934157386422e-06,4.2448362364666536e-05,0.0002649947418831289,0.0002561422879807651,0.0008934067445807159,,,,,,,,,,,,
68,10779,1.0,1.0,1.0,1.0,1.0,1.0,0.00020342743664514273,6.419685632863548e-06,9.059138392331079e-05,0.00040108367102220654,0.0001333859545411542,0.0003856565454043448,,,,,,,,,,,,
68,10789,1.0,1.0,1.0,1.0,1.0,1.0,0.00021938176359981298,6.284320988925174e-06,6.30285358056426e-05,0.00040626656846143305,0.00015014987729955465,0.00047117951908148825,,,,,,,,,,,,
68,10799,1.0,1.0,1.0,1.0,1.0,1.0,0.00021083636966068298,8.534676453564316e-06,0.0001104236434912309,0.000322434410918504,0.00015323229308705777,0.00045955684618093073,,,,,,,,,,,,
68,10809,1.0,1.0,1.0,1.0,1.0,1.0,0.0002509724290575832,5.462211902340641e-06,5.6942179071484134e-05,0.0004050482530146837,0.00016539220814593136,0.0006220171926543117,,,,,,,,,,,,
68,10819,1.0,1.0,1.0,1.0,1.0,1.0,0.00021520124573726207,8.327157956955489e-06,0.0001062977098627016,0.00035035572363995016,0.00017062868573702872,0.00044039692147634923,,,,,,,,,,,,
68,10829,1.0,1.0,1.0,1.0,1.0,1.0,0.00021487183403223753,5.213367330725305e-06,6.456336996052414e-05,0.0002873544581234455,0.00019854430865962058,0.0005186836933717132,,,,,,,,,,,,
68,10832,,,,,,,,,,,,,1.0,0.9991196990013123,0.9830599427223206,0.9859200716018677,0.9550497531890869,0.9846299290657043,0.0670250728726387,3.105832729488611e-05,0.005211209878325462,0.07520872354507446,0.06241052225232124,0.19226385653018951
69,10839,1.0,1.0,1.0,1.0,1.0,1.0,0.00022899091709405184,1.3969896826893091e-05,5.686890290235169e-05,0.0003204068634659052,0.0002036540536209941,0.0005500548868440092,,,,,,,,,,,,
69,10849,1.0,1.0,1.0,1.0,1.0,1.0,0.0003070711391046643,4.947803063259926e-06,6.159098848002031e-05,0.00038786648656241596,0.00028180843219161034,0.0007991419988684356,,,,,,,,,,,,
69,10859,1.0,1.0,1.0,1.0,1.0,1.0,0.0001982644753297791,7.556220225524157e-06,6.15672834101133e-05,0.0002864165580831468,0.00016062110080383718,0.0004751610686071217,,,,,,,,,,,,
69,10869,1.0,1.0,1.0,1.0,1.0,1.0,0.00015504425391554832,2.27761984206154e-06,2.754306115093641e-05,0.0002769517304841429,0.0001201160266646184,0.0003483328619040549,,,,,,,,,,,,
69,10879,1.0,1.0,1.0,1.0,1.0,1.0,0.0003079131420236081,6.315969130810117e-06,3.978644235758111e-05,0.00043313036439940333,0.00018036176334135234,0.0008799711940810084,,,,,,,,,,,,
69,10889,1.0,1.0,1.0,1.0,1.0,1.0,0.00019832432735711336,4.672065188060515e-06,4.403608545544557e-05,0.0003573509748093784,0.0001311936357524246,0.0004543689137790352,,,,,,,,,,,,
69,10899,1.0,1.0,1.0,1.0,1.0,1.0,0.00020449158910196275,1.0006881893787067e-05,7.07555009284988e-05,0.00029936444479972124,0.00016052057617343962,0.00048181056627072394,,,,,,,,,,,,
69,10909,1.0,1.0,1.0,1.0,1.0,1.0,0.00017680971359368414,4.090642960363766e-06,5.5033327953424305e-05,0.0002356746408622712,0.00017192758969031274,0.00041732232784852386,,,,,,,,,,,,
69,10919,1.0,1.0,1.0,1.0,1.0,1.0,0.0002216014836449176,7.968469617480878e-06,6.084604683564976e-05,0.0002821130328811705,0.0002217905130237341,0.000535289291292429,,,,,,,,,,,,
69,10929,1.0,1.0,1.0,1.0,1.0,1.0,0.00021595426369458437,3.931159426429076e-06,3.983817441621795e-05,0.00029933633049950004,0.00025479073519818485,0.0004818749148398638,,,,,,,,,,,,
69,10939,1.0,1.0,1.0,1.0,1.0,1.0,0.00015987355436664075,2.421388899165322e-06,5.2977120503783226e-05,0.0002469227183610201,0.00010288819612469524,0.0003941583854611963,,,,,,,,,,,,
69,10949,1.0,1.0,1.0,1.0,1.0,1.0,0.00017580778512638062,2.4191801912820665e-06,4.386933505884372e-05,0.00023357875761575997,0.0001891480351332575,0.00041002361103892326,,,,,,,,,,,,
69,10959,1.0,1.0,1.0,1.0,1.0,1.0,0.00017261678294744343,8.563710252929013e-06,5.493501521414146e-05,0.0002180227020289749,0.00013289586058817804,0.0004486666584853083,,,,,,,,,,,,
69,10969,1.0,1.0,1.0,1.0,1.0,1.0,0.0003428046766202897,1.1997899491689168e-05,5.91967545915395e-05,0.0003117914020549506,0.0003207151312381029,0.0010103221284225583,,,,,,,,,,,,
69,10979,1.0,1.0,1.0,1.0,1.0,1.0,0.0001931509905261919,5.108887307869736e-06,3.381576243555173e-05,0.0002742229262366891,0.00018509010260459036,0.00046751723857596517,,,,,,,,,,,,
69,10989,1.0,1.0,1.0,1.0,1.0,1.0,0.00019252511265221983,3.7237227843434084e-06,4.8049161705421284e-05,0.0002508835750631988,0.00016300546121783555,0.0004969636211171746,,,,,,,,,,,,
69,10989,,,,,,,,,,,,,1.0,0.9990596771240234,0.9829697608947754,0.985750138759613,0.9546599984169006,0.9844878911972046,0.06838468462228775,3.5783516068477184e-05,0.005719852168112993,0.07613073289394379,0.06418783962726593,0.19584913551807404
70,10999,1.0,1.0,1.0,1.0,1.0,1.0,0.00012647976109292358,2.25601002057374e-06,2.3943346604937688e-05,0.0001809086970752105,0.00010277862020302564,0.000322512089041993,,,,,,,,,,,,
70,11009,1.0,1.0,1.0,1.0,1.0,1.0,0.0002035146317211911,3.800434114964446e-06,5.478296225192025e-05,0.0002903214772231877,0.0001717001141514629,0.0004969681613147259,,,,,,,,,,,,
70,11019,1.0,1.0,1.0,1.0,1.0,1.0,0.00018899310089182109,3.5884138469555182e-06,5.267265805741772e-05,0.00023160793352872133,0.0001079990979633294,0.0005490974290296435,,,,,,,,,,,,
70,11029,1.0,1.0,1.0,1.0,1.0,1.0,0.00017296946316491812,2.0008387764391955e-06,4.027415707241744e-05,0.00027605955256149173,0.00014236776041798294,0.0004041449574287981,,,,,,,,,,,,
70,11039,1.0,1.0,1.0,1.0,1.0,1.0,0.000165146921062842,4.205659024592023e-06,4.887084287474863e-05,0.0002484926371835172,0.00010733617091318592,0.00041682925075292587,,,,,,,,,,,,
70,11049,1.0,1.0,1.0,1.0,1.0,1.0,0.00032434691092930734,3.161968152198824e-06,4.4178461394039914e-05,0.0004008020623587072,0.0002247536031063646,0.000948838540352881,,,,,,,,,,,,
70,11059,1.0,1.0,1.0,1.0,1.0,1.0,0.00018782068218570203,3.660403763205977e-06,3.69499102816917e-05,0.00020957423839718103,0.00019140364020131528,0.0004975151969119906,,,,,,,,,,,,
70,11069,1.0,1.0,1.0,1.0,1.0,1.0,0.00018940839800052345,3.0114435958239483e-06,3.274554910603911e-05,0.0003050869272556156,0.0001450934068998322,0.0004611046169884503,,,,,,,,,,,,
70,11079,1.0,1.0,1.0,1.0,1.0,1.0,0.00017229185323230922,1.9918772977689514e-06,6.081045285100117e-05,0.0002148946950910613,0.00014801541692577302,0.0004357467987574637,,,,,,,,,,,,
70,11089,1.0,1.0,1.0,1.0,1.0,1.0,0.00016690937627572566,2.77715685115254e-06,4.469772829907015e-05,0.0002317327307537198,0.00011977049143752083,0.00043556877062655985,,,,,,,,,,,,
70,11099,1.0,1.0,1.0,1.0,1.0,1.0,0.00020620138093363494,4.14057922171196e-06,3.879256109939888e-05,0.00031786318868398666,0.00019625519053079188,0.00047395541332662106,,,,,,,,,,,,
70,11109,1.0,1.0,1.0,1.0,1.0,1.0,0.00020900159142911434,9.26901884668041e-06,5.756873360951431e-05,0.0002869398449547589,0.00018461616127751768,0.0005066142184659839,,,,,,,,,,,,
70,11119,1.0,1.0,1.0,1.0,1.0,1.0,0.00015271578740794212,3.472609705568175e-06,4.7197470848914236e-05,0.00021552418184001,0.00011207167699467391,0.0003853130037896335,,,,,,,,,,,,
70,11129,1.0,1.0,1.0,1.0,1.0,1.0,0.00027799137751571834,6.874554856040049e-06,5.058225360698998e-05,0.0005338004557415843,0.00021605596703011543,0.0005826436099596322,,,,,,,,,,,,
70,11139,1.0,1.0,1.0,1.0,1.0,1.0,0.00017330625269096345,8.334593076142482e-06,3.928985461243428e-05,0.00026301341131329536,0.00012560797040350735,0.00043028537766076624,,,,,,,,,,,,
70,11146,,,,,,,,,,,,,1.0,0.9991196393966675,0.9831398725509644,0.9859200716018677,0.9549699425697327,0.9846299886703491,0.0679299533367157,2.9830538551323116e-05,0.0053720613941550255,0.07531832903623581,0.06340089440345764,0.19552864134311676
71,11149,1.0,1.0,1.0,1.0,1.0,1.0,0.00016954851162154227,3.530400590534555e-06,4.4585514842765406e-05,0.000231468235142529,0.000137554612592794,0.0004306038317736238,,,,,,,,,,,,
71,11159,1.0,1.0,1.0,1.0,1.0,1.0,0.0001434759033145383,3.2215834835369606e-06,4.302714660298079e-05,0.0001944011019077152,0.0001337812573183328,0.0003429484204389155,,,,,,,,,,,,
71,11169,1.0,1.0,1.0,1.0,1.0,1.0,0.00017546086746733636,2.800988795570447e-06,4.333289689384401e-05,0.0002686621155589819,0.00017502871924079955,0.0003874796093441546,,,,,,,,,,,,
71,11179,1.0,1.0,1.0,1.0,1.0,1.0,0.0001210266855196096,2.5040985747182276e-06,4.5407919969875365e-05,0.0001953517785295844,9.03772161109373e-05,0.00027149240486323833,,,,,,,,,,,,
71,11189,1.0,1.0,1.0,1.0,1.0,1.0,0.00015141669427976012,2.6590601009957027e-06,4.9308117013424635e-05,0.00020647747442126274,0.00013893310097046196,0.0003597057075239718,,,,,,,,,,,,
71,11199,1.0,1.0,1.0,1.0,1.0,1.0,0.00020326999947428703,3.7073518797114957e-06,5.5126445658970624e-05,0.00023388811678159982,0.0001256681134691462,0.0005979599663987756,,,,,,,,,,,,
71,11209,1.0,1.0,1.0,1.0,1.0,1.0,0.00014588168414775282,6.486797701654723e-06,6.135724106570706e-05,0.0002100286801578477,0.0001480629580328241,0.00030347274150699377,,,,,,,,,,,,
71,11219,1.0,1.0,1.0,1.0,1.0,1.0,0.00018079346045851707,3.7996082937752362e-06,4.129021181142889e-05,0.000247783784288913,0.00016460033657494932,0.00044649341725744307,,,,,,,,,,,,
71,11229,1.0,1.0,1.0,1.0,1.0,1.0,0.0001846900413511321,2.946626182165346e-06,3.633834785432555e-05,0.0002473234781064093,0.00015171228733379394,0.00048512942157685757,,,,,,,,,,,,
71,11239,1.0,1.0,1.0,1.0,1.0,1.0,0.00018948745855595917,1.3573367141361814e-05,4.5351178414421156e-05,0.00027553632389754057,0.0002098941768053919,0.00040308223105967045,,,,,,,,,,,,
71,11249,1.0,1.0,1.0,1.0,1.0,1.0,0.00017223358736373484,1.4446605973716942e-06,3.559209653758444e-05,0.0002144743484677747,0.00012688356218859553,0.0004827732627745718,,,,,,,,,,,,
71,11259,1.0,1.0,1.0,1.0,1.0,1.0,0.0002929694892372936,3.596707756514661e-06,5.1491264457581565e-05,0.0005262531340122223,0.0002058569371001795,0.0006776493391953409,,,,,,,,,,,,
71,11269,1.0,1.0,1.0,1.0,1.0,1.0,0.0002053979114862159,3.6502904094959376e-06,3.2301868486683816e-05,0.0003552433045115322,0.00018994233687408268,0.0004458516777958721,,,,,,,,,,,,
71,11279,1.0,1.0,1.0,1.0,1.0,1.0,0.00022256244847085327,2.5376291432621656e-06,3.1796742405276746e-05,0.0003281876852270216,0.00018993785488419235,0.0005603522877208889,,,,,,,,,,,,
71,11289,1.0,1.0,1.0,1.0,1.0,1.0,0.00017687794752418995,3.573277354007587e-06,4.231277125654742e-05,0.000223621231270954,0.00012673938181251287,0.0004881430941168219,,,,,,,,,,,,
71,11299,1.0,1.0,1.0,1.0,1.0,1.0,0.00022455501311924309,2.324157776456559e-06,4.370827809907496e-05,0.00020783150102943182,9.059519652510062e-05,0.000778315938077867,,,,,,,,,,,,
